<?xml version="1.0" encoding="UTF-8"?>
<includes>
	<!-- PARAM -->
	<include name="ExtendedInfoListLayout">
		<param name="PanelID" />
		<param name="label1" default="$INFO[ListItem.Label]" />
		<param name="label2" default="$INFO[ListItem.Year]" />
		<param name="listVisible" />
		<param name="overlayVisibility">true</param>
		<definition>
			<width>1196</width>
			<height>420</height>
			<orientation>horizontal</orientation>
			<preloaditems>2</preloaditems>
			<scrolltime tween="quadratic" easing="out">300</scrolltime>
			<visible>$PARAM[listVisible]</visible>
			<itemlayout height="420" width="299">
				<control type="image">
					<left>-15</left>
					<top>-10</top>
					<width>320</width>
					<height>450</height>
					<bordersize>20</bordersize>
					<bordertexture border="20">thumbs/thumb_shadow.png</bordertexture>
					<aspectratio aligny="top">scale</aspectratio>
					<texture background="true" fallback="DefaultActor.png">$INFO[ListItem.Icon]</texture>
				</control>
				<control type="image">
					<left>-15</left>
					<top>-10</top>
					<width>320</width>
					<height>450</height>
					<bordersize>20</bordersize>
					<bordertexture border="20">thumbs/thumb_shadow.png</bordertexture>
					<texture>logo_back.png</texture>
				</control>
				<control type="label">
					<left>8</left>
					<top>325</top>
					<width>274</width>
					<height>43</height>
					<align>center</align>
					<font>font14</font>
					<shadowcolor>shadow</shadowcolor>
					<textcolor>white2</textcolor>
					<selectedcolor>$VAR[ThemeLabelColor]</selectedcolor>
					<label>$PARAM[label1]</label>
				</control>
				<control type="label">
					<left>8</left>
					<top>368</top>
					<width>274</width>
					<height>43</height>
					<align>center</align>
					<font>font14</font>
					<shadowcolor>shadow</shadowcolor>
					<textcolor>white2</textcolor>
					<selectedcolor>$VAR[ThemeLabelColor]</selectedcolor>
					<label>$PARAM[label2]</label>
				</control>
				<control type="image">
					<left>232</left>
					<top>10</top>
					<width>60</width>
					<height>60</height>
					<texture>overlays/addons/enabled.png</texture>
					<visible>$PARAM[overlayVisibility]</visible>
					<visible>!String.IsEmpty(ListItem.DBID) | !String.IsEmpty(ListItem.Property(DBID))</visible>
				</control>
			</itemlayout>
			<focusedlayout height="420" width="299">
				<control type="group">
					<animation type="Focus" reversible="false">
						<effect type="zoom" start="95" end="100" time="300" tween="sine" easing="inout" center="auto" />
						<effect type="fade" start="80" end="100" time="300" />
					</animation>
					<control type="image">
						<left>-15</left>
						<top>-10</top>
						<width>320</width>
						<height>450</height>
						<bordersize>20</bordersize>
						<bordertexture border="20">thumbs/thumb_shadow.png</bordertexture>
						<aspectratio aligny="top">scale</aspectratio>
						<texture background="true" fallback="DefaultActor.png">$INFO[ListItem.Icon]</texture>
					</control>
					<control type="image">
						<left>-15</left>
						<top>-10</top>
						<width>320</width>
						<height>450</height>
						<bordersize>20</bordersize>
						<bordertexture border="20">thumbs/thumb_shadow.png</bordertexture>
						<texture>logo_back.png</texture>
					</control>
					<control type="label">
						<left>8</left>
						<top>325</top>
						<width>274</width>
						<height>43</height>
						<align>center</align>
						<font>font14</font>
						<shadowcolor>shadow</shadowcolor>
						<textcolor>$VAR[ThemeLabelColor]</textcolor>
						<label>$PARAM[label1]</label>
						<animation effect="fade" start="100" end="40" time="300" tween="sine" easing="inout" condition="!Control.HasFocus($PARAM[PanelID])">Conditional</animation>
					</control>
					<control type="label">
						<left>8</left>
						<top>368</top>
						<width>274</width>
						<height>43</height>
						<align>center</align>
						<font>font14</font>
						<shadowcolor>shadow</shadowcolor>
						<textcolor>$VAR[ThemeLabelColor]</textcolor>
						<label>$PARAM[label2]</label>
						<animation effect="fade" start="100" end="40" time="300" tween="sine" easing="inout" condition="!Control.HasFocus($PARAM[PanelID])">Conditional</animation>
					</control>
					<control type="image">
						<left>232</left>
						<top>10</top>
						<width>60</width>
						<height>60</height>
						<texture>overlays/addons/enabled.png</texture>
						<visible>$PARAM[overlayVisibility]</visible>
						<visible>!String.IsEmpty(ListItem.DBID)</visible>
					</control>
				</control>
			</focusedlayout>
		</definition>
	</include>
	<include name="VideoCastItem">
		<param name="CastListItemID"/>
		<definition>
			<item>
				<label>$INFO[Container(50).ListItemAbsolute($PARAM[CastListItemID]).Label]</label>
				<label2>$INFO[Container(50).ListItemAbsolute($PARAM[CastListItemID]).Label2]</label2>
				<icon>$INFO[Container(50).ListItemAbsolute($PARAM[CastListItemID]).Icon]</icon>
				<onclick>SetProperty(ActorID,$PARAM[CastListItemID])</onclick>
				<onclick>SetProperty(ActorName,$INFO[Container(50).ListItemAbsolute($PARAM[CastListItemID]).Label])</onclick>
				<onclick>ActivateWindow(1129)</onclick>
				<visible>!String.IsEmpty(Container(50).ListItemAbsolute($PARAM[CastListItemID]).Label)</visible>
			</item>
		</definition>
	</include>
	<include name="TVGuideItem">
		<param name="TVGuideItemID"/>
		<param name="TVGuideDayID"/>
		<definition>
			<item id="$PARAM[TVGuideItemID]">
				<label>$INFO[Window(home).Property(NextAired.$PARAM[TVGuideDayID].Wday)]$INFO[Container($PARAM[TVGuideDayID]).NumItems, (,)]</label>
				<label2>$INFO[Window(Home).Property(NextAired.$PARAM[TVGuideDayID].Date)]</label2>
				<onclick>noop</onclick>
				<icon />
				<visible>!String.IsEmpty(Window(home).Property(NextAired.$PARAM[TVGuideDayID].Wday))</visible>
			</item>
		</definition>
	</include>
	<include name="TVGuideFanart">
		<param name="FanartImageControlID"/>
		<definition>
			<control type="image">
				<include>FullscreenDimensions</include>
				<include>AnimatedBackgroundAnimation</include>
				<texture background="true">$INFO[Container($PARAM[FanartImageControlID]).ListItem.Property(Fanart)]</texture>
				<aspectratio>scale</aspectratio>
				<visible>Control.HasFocus($PARAM[FanartImageControlID])</visible>
				<fadetime>600</fadetime>
				<animation effect="fade" time="600">Visible</animation>
				<animation effect="fade" time="600">Hidden</animation>
			</control>
		</definition>
	</include>
	<include name="GlobalSearchFanart">
		<param name="FanartImageControlID"/>
		<definition>
			<control type="image">
				<include>AnimatedBackgroundAnimation</include>
				<texture background="true" fallback="special://skin/backgrounds/fallback_movies.jpg">$INFO[Container($PARAM[FanartImageControlID]).ListItem.Property(Fanart)]</texture>
				<aspectratio>scale</aspectratio>
				<fadetime>600</fadetime>
				<visible>Control.HasFocus($PARAM[FanartImageControlID])</visible>
				<animation effect="fade" time="600">Visible</animation>
				<animation effect="fade" time="600">Hidden</animation>
				<animation effect="fade" time="200">WindowClose</animation>
			</control>
		</definition>
	</include>
	<include name="ColorCustomizerSwatchimage">
		<param name="ColorStringVar" />
		<param name="SwatchSize" default="70" />
		<definition>
			<width>$PARAM[SwatchSize]</width>
			<height>$PARAM[SwatchSize]</height>
			<texture>color_swatch.png</texture>
			<colordiffuse>$PARAM[ColorStringVar]</colordiffuse>
		</definition>
	</include>
	<include name="CustomColorRadioButton">
		<param name="ColorStringVar" />
		<definition>
			<width>1316</width>
			<height>90</height>
			<textoffsetx>30</textoffsetx>
			<font>font15</font>
			<textureradioonfocus colordiffuse="$PARAM[ColorStringVar]">color_swatch.png</textureradioonfocus>
			<textureradioonnofocus colordiffuse="$PARAM[ColorStringVar]">color_swatch.png</textureradioonnofocus>
			<textureradioofffocus colordiffuse="$PARAM[ColorStringVar]">color_swatch.png</textureradioofffocus>
			<textureradiooffnofocus colordiffuse="$PARAM[ColorStringVar]">color_swatch.png</textureradiooffnofocus>
			<texturefocus colordiffuse="$VAR[HighlightBarColor]" border="1">listselect_fo.png</texturefocus>
			<texturenofocus border="1">separator5.png</texturenofocus>
		</definition>
	</include>
	<!-- EXP -->
    <expression name="HasInfoDialog">Window.IsActive(musicinformation) | Window.IsActive(movieinformation) | Window.IsActive(addoninformation)</expression>
    <expression name="PluginAdvancedLauncher">String.StartsWith(Container.FolderPath,plugin://plugin.program.advanced.launcher/)</expression>
    <expression name="HasVerticalMenuWithExtended">String.IsEqual(Skin.String(MainMenu.Layout),15) + [String.Contains(Container(9000).ListItem.Property(widgetStyle),Extended) + ControlGroup(90010).HasFocus] | [String.Contains(Container(9000).ListItem.Property(widgetStyle.2),Extended) + ControlGroup(90020).HasFocus]</expression>
</includes>