<?xml version="1.0" encoding="UTF-8"?>
<window>
	<defaultcontrol always="true">9000</defaultcontrol>
	<onload condition="!String.IsEmpty(Window(home).Property(Window.HasSettings))">ClearProperty(Window.HasSettings,Home)</onload>
	<onunload>SetProperty(Window.HasSettings,True,home)</onunload>
	<controls>
		<include>CommonBackground</include>
		<include>Topbar</include>
		<control type="group">
			<animation effect="slide" start="0,-90" end="0,0" delay="800" time="480" condition="Window.Previous(home)">WindowOpen</animation>
			<animation effect="slide" end="0,-90" start="0,0" time="480" condition="Window.Next(home)">WindowClose</animation>
			<width>105</width>
			<height>30</height>
			<left>1670</left>
			<top>3</top>
			<control type="label" id="110">
				<include>HiddenObject</include>
			</control>
			<control type="label" id="210">
				<include>HiddenObject</include>
			</control>
			<control type="label" id="230">
				<include>HiddenObject</include>
			</control>
			<control type="label" id="120">
				<include>HiddenObject</include>
			</control>
			<control type="label" id="130">
				<include>HiddenObject</include>
			</control>
			<control type="label" id="140">
				<include>HiddenObject</include>
			</control>
			<control type="label" id="150">
				<include>HiddenObject</include>
			</control>
			<control type="label" id="160">
				<include>HiddenObject</include>
			</control>
			<control type="label" id="170">
				<include>HiddenObject</include>
			</control>
			<control type="label" id="180">
				<include>HiddenObject</include>
			</control>
		</control>
		<control type="group">
			<top>59</top>
			<include>WindowOpenCloseAnimation</include>
			<include>SystemLeftPanel</include>
			<control type="panel" id="9000">
				<left>82</left>
				<top>32</top>
				<width>356</width>
				<height>810</height>
				<onleft>60</onleft>
				<onright>101</onright>
				<onup>9000</onup>
				<ondown>9000</ondown>
				<pagecontrol>60</pagecontrol>
				<scrolltime tween="quadratic">300</scrolltime>
				<itemlayout height="90" width="356">
					<control type="image">
						<top>30</top>
						<width>356</width>
						<height>60</height>
						<texture border="1">separator2.png</texture>
					</control>
					<control type="label">
						<width>356</width>
						<height>90</height>
						<font>font15</font>
						<textoffsetx>20</textoffsetx>
						<textcolor>grey2</textcolor>
						<selectedcolor>$VAR[ThemeLabelColor]</selectedcolor>
						<align>right</align>
						<label>$INFO[ListItem.Label]</label>
					</control>
				</itemlayout>
				<focusedlayout height="90" width="356">
					<control type="image">
						<top>30</top>
						<width>356</width>
						<height>60</height>
						<texture border="1">separator2.png</texture>
					</control>
					<control type="image">
						<width>356</width>
						<height>90</height>
						<texture colordiffuse="$VAR[HighlightBarColor]" border="4">listselect_fo.png</texture>
						<visible>Control.HasFocus(9000)</visible>
						<include>VisibleFadeAnimation</include>
					</control>
					<control type="label">
						<width>356</width>
						<height>90</height>
						<font>font15</font>
						<textoffsetx>20</textoffsetx>
						<textcolor>white</textcolor>
						<selectedcolor>$VAR[ThemeLabelColor]</selectedcolor>
						<align>right</align>
						<label>$INFO[ListItem.Label]</label>
						<animation effect="fade" start="100" end="70" time="300" tween="sine" easing="inout" condition="!Control.HasFocus(9000)">Conditional</animation>
					</control>
				</focusedlayout>
				<content>
					<item id="1">
						<visible>!String.IsEmpty(Container(111).ListItem.Label)</visible>
						<label>$LOCALIZE[342]$INFO[Control.GetLabel(110), (,)]</label>
						<onclick>noop</onclick>
						<onright>111</onright>
						<icon />
					</item>
					<item id="11">
						<visible>!String.IsEmpty(Container(211).ListItem.Label)</visible>
						<label>$LOCALIZE[344]$INFO[Control.GetLabel(210), (, $LOCALIZE[342])]</label>
						<onclick>noop</onclick>
						<icon />
					</item>
					<item id="2">
						<visible>!String.IsEmpty(Container(121).ListItem.Label)</visible>
						<label>$LOCALIZE[20343]$INFO[Control.GetLabel(120), (,)]</label>
						<onclick>noop</onclick>
						<icon />
					</item>
					<item id="13">
						<visible>!String.IsEmpty(Container(231).ListItem.Label)</visible>
						<label>$LOCALIZE[20348]$INFO[Control.GetLabel(230), (,)]</label>
						<onclick>noop</onclick>
						<icon />
					</item>
					<item id="3">
						<visible>!String.IsEmpty(Container(131).ListItem.Label)</visible>
						<label>$LOCALIZE[33054]$INFO[Control.GetLabel(130), (,)]</label>
						<onclick>noop</onclick>
						<icon />
					</item>
					<item id="4">
						<visible>!String.IsEmpty(Container(141).ListItem.Label)</visible>
						<label>$LOCALIZE[20360]$INFO[Control.GetLabel(140), (,)]</label>
						<onclick>noop</onclick>
						<icon />
					</item>
					<item id="5">
						<visible>!String.IsEmpty(Container(151).ListItem.Label)</visible>
						<label>$LOCALIZE[20389]$INFO[Control.GetLabel(150), (,)]</label>
						<onclick>noop</onclick>
						<icon />
					</item>
					<item id="6">
						<visible>!String.IsEmpty(Container(161).ListItem.Label)</visible>
						<label>$LOCALIZE[133]$INFO[Control.GetLabel(160), (,)]</label>
						<onclick>noop</onclick>
						<icon />
					</item>
					<item id="7">
						<visible>!String.IsEmpty(Container(171).ListItem.Label)</visible>
						<label>$LOCALIZE[132]$INFO[Control.GetLabel(170), (,)]</label>
						<onclick>noop</onclick>
						<icon />
					</item>
					<item id="8">
						<visible>!String.IsEmpty(Container(181).ListItem.Label)</visible>
						<label>$LOCALIZE[134]$INFO[Control.GetLabel(180), (,)]</label>
						<onclick>noop</onclick>
						<icon />
					</item>
					<item id="9">
						<visible>Control.IsVisible(198)</visible>
						<label>$INFO[Control.GetLabel(198)]</label>
						<onclick>SendClick(198)</onclick>
						<icon />
					</item>
					<item id="12">
						<visible>!String.IsEmpty(Container(221).ListItem.Label)</visible>
						<label>$LOCALIZE[342]$INFO[Control.GetLabel(200), (,)]</label>
						<onclick>noop</onclick>
						<onright>121</onright>
						<icon />
					</item>
				</content>
			</control>
			<control type="scrollbar" id="60">
				<left>65</left>
				<top>32</top>
				<width>14</width>
				<height>720</height>
				<onleft>101</onleft>
				<onright>9000</onright>
				<ondown>60</ondown>
				<onup>60</onup>
				<showonepage>false</showonepage>
				<texturesliderbackground />
				<texturesliderbar colordiffuse="55ffffff" border="1">scrollbar/texturesliderbar2.png</texturesliderbar>
				<texturesliderbarfocus border="1">scrollbar/texturesliderbar2.png</texturesliderbarfocus>
			</control>
			<control type="image">
				<description>LOGO</description>
				<left>60</left>
				<top>875</top>
				<width>400</width>
				<height>130</height>
				<texture>aeon-nox-logo.png</texture>
			</control>
			<include>SystemRightPanel</include>
			<control type="image">
				<description>separator image</description>
				<left>522</left>
				<top>630</top>
				<width>1316</width>
				<height>60</height>
				<texture border="1">separator2.png</texture>
			</control>
		</control>
		<control type="group">
			<animation effect="slide" tween="cubic" time="240" end="-500,0" condition="Player.HasMedia | Window.IsActive(volumebar)">Conditional</animation>
			<animation effect="slide" start="0,-90" end="0,0" delay="800" time="480" condition="Window.Previous(home)">WindowOpen</animation>
			<animation effect="slide" end="0,-90" start="0,0" time="480" condition="Window.Next(home)">WindowClose</animation>
			<control type="label">
				<left>960</left>
				<top>5</top>
				<width>960</width>
				<height>25</height>
				<label>$INFO[Window.Property(GlobalSearch.SearchString)]</label>
				<label>$INFO[Control.GetLabel(190)]$INFO[Control.GetLabel(191), ]</label>
				<font>font13_title</font>
				<textcolor>grey2</textcolor>
				<align>right</align>
				<textoffsetx>15</textoffsetx>
			</control>
			<control type="label" id="190">
				<include>HiddenObject</include>
			</control>
			<control type="label" id="191">
				<include>HiddenObject</include>
			</control>
		</control>
		<control type="group" id="100">
			<include>WindowOpenCloseAnimation</include>
			<control type="label" id="199">
				<left>522</left>
				<top>160</top>
				<width>1316</width>
				<height>839</height>
				<font>font45caps_title</font>
				<align>center</align>
				<label>$LOCALIZE[284]</label>
				<include>VisibleFadeAnimation</include>
			</control>
			<control type="button" id="198">
				<onfocus>SetFocus(9000,9)</onfocus>
				<include>HiddenObject</include>
			</control>
			<control type="grouplist" id="101">
				<left>522</left>
				<top>91</top>
				<width>1316</width>
				<height>929</height>
				<orientation>horizontal</orientation>
				<!-- Movies -->
				<control type="group" id="119">
					<visible>Container(9000).HasFocus(1)</visible>
					<include>SettingsFadeAnimation</include>
					<control type="panel" id="111">
						<width>1316</width>
						<height>658</height>
						<pagecontrol>61</pagecontrol>
						<onleft>9000</onleft>
						<onright>61</onright>
						<onup>111</onup>
						<ondown>111</ondown>
						<orientation>vertical</orientation>
						<viewtype label="535">list</viewtype>
						<preloaditems>2</preloaditems>
						<itemlayout width="219" height="329">
							<control type="image">
								<width>219</width>
								<height>329</height>
								<aspectratio>scale</aspectratio>
								<texture background="true">$INFO[ListItem.Icon]</texture>
								<bordertexture border="2">thumbs/panel_border3.png</bordertexture>
								<bordersize>2</bordersize>
								<colordiffuse>BAffffff</colordiffuse>
							</control>
						</itemlayout>
						<focusedlayout width="219" height="329">
							<control type="group">
								<animation type="Focus">
									<effect type="zoom" start="95" end="100" time="200" tween="sine" easing="inout" center="auto" />
									<effect type="fade" start="80" end="100" time="200" tween="sine" easing="in" />
								</animation>
								<control type="image">
									<width>219</width>
									<height>329</height>
									<aspectratio>scale</aspectratio>
									<texture background="true">$INFO[ListItem.Icon]</texture>
									<bordertexture colordiffuse="$VAR[ThemeLabelColor]" border="8">thumbs/thumbnail_focused.png</bordertexture>
									<bordersize>8</bordersize>
								</control>
							</control>
						</focusedlayout>
					</control>
					<control type="group">
						<top>90</top>
						<control type="label">
							<top>670</top>
							<width>1316</width>
							<height>40</height>
							<label>$INFO[Container(111).ListItem.Label]</label>
							<font>font15</font>
							<textcolor>$VAR[ThemeLabelColor]</textcolor>
							<textoffsetx>15</textoffsetx>
						</control>
						<control type="label">
							<top>670</top>
							<width>1316</width>
							<height>40</height>
							<align>right</align>
							<label>$INFO[Container(111).ListItem.Property(Year),, • ]$INFO[Container(111).ListItem.Property(Duration),, $LOCALIZE[12391]]</label>
							<font>font15</font>
							<textcolor>grey2</textcolor>
							<textoffsetx>15</textoffsetx>
						</control>
						<control type="textbox">
							<left>15</left>
							<top>720</top>
							<width>1286</width>
							<height>116</height>
							<label>$INFO[Container(111).ListItem.Property(PlotOutline)]</label>
							<font>font15_textbox</font>
							<textcolor>grey2</textcolor>
							<autoscroll time="3000" delay="4000" repeat="5000">true</autoscroll>
						</control>
						<control type="textbox">
							<left>15</left>
							<top>720</top>
							<width>1286</width>
							<height>116</height>
							<label>$INFO[Container(111).ListItem.Property(Plot)]</label>
							<font>font15_textbox</font>
							<textcolor>grey2</textcolor>
							<autoscroll time="3000" delay="4000" repeat="5000">true</autoscroll>
							<visible>String.IsEmpty(Container(111).ListItem.Property(PlotOutline))</visible>
						</control>
					</control>
				</control>
				<!-- Actors -->
				<control type="group" id="219">
					<visible>Container(9000).HasFocus(11)</visible>
					<include>SettingsFadeAnimation</include>
					<control type="panel" id="211">
						<width>1316</width>
						<height>658</height>
						<pagecontrol>61</pagecontrol>
						<onleft>9000</onleft>
						<onright>61</onright>
						<onup>111</onup>
						<ondown>111</ondown>
						<orientation>vertical</orientation>
						<viewtype label="535">list</viewtype>
						<preloaditems>2</preloaditems>
						<itemlayout width="219" height="329">
							<control type="image">
								<width>219</width>
								<height>329</height>
								<aspectratio>scale</aspectratio>
								<texture background="true">$INFO[ListItem.Icon]</texture>
								<bordertexture border="2">thumbs/panel_border3.png</bordertexture>
								<bordersize>2</bordersize>
								<colordiffuse>BAffffff</colordiffuse>
							</control>
						</itemlayout>
						<focusedlayout width="219" height="329">
							<control type="group">
								<animation type="Focus">
									<effect type="zoom" start="95" end="100" time="200" tween="sine" easing="inout" center="auto" />
									<effect type="fade" start="80" end="100" time="200" tween="sine" easing="in" />
								</animation>
								<control type="image">
									<width>219</width>
									<height>329</height>
									<aspectratio>scale</aspectratio>
									<texture background="true">$INFO[ListItem.Icon]</texture>
									<bordertexture colordiffuse="$VAR[ThemeLabelColor]" border="8">thumbs/thumbnail_focused.png</bordertexture>
									<bordersize>8</bordersize>
								</control>
							</control>
						</focusedlayout>
					</control>
					<control type="group">
						<top>90</top>
						<control type="label">
							<top>670</top>
							<width>1316</width>
							<height>40</height>
							<label>$INFO[Container(211).ListItem.Label]</label>
							<font>font15</font>
							<textcolor>$VAR[ThemeLabelColor]</textcolor>
							<textoffsetx>15</textoffsetx>
						</control>
						<control type="label">
							<top>670</top>
							<width>1316</width>
							<height>40</height>
							<align>right</align>
							<label>$INFO[Container(211).ListItem.Property(Year),, • ]$INFO[Container(211).ListItem.Property(Duration),, $LOCALIZE[12391]]</label>
							<font>font15</font>
							<textcolor>grey2</textcolor>
							<textoffsetx>15</textoffsetx>
						</control>
						<control type="textbox">
							<left>15</left>
							<top>720</top>
							<width>1286</width>
							<height>116</height>
							<label>$INFO[Container(211).ListItem.Property(PlotOutline)]</label>
							<font>font15_textbox</font>
							<textcolor>grey2</textcolor>
							<autoscroll time="3000" delay="4000" repeat="5000">true</autoscroll>
						</control>
						<control type="textbox">
							<left>15</left>
							<top>720</top>
							<width>1286</width>
							<height>116</height>
							<label>$INFO[Container(211).ListItem.Property(Plot)]</label>
							<font>font15_textbox</font>
							<textcolor>grey2</textcolor>
							<autoscroll time="3000" delay="4000" repeat="5000">true</autoscroll>
							<visible>String.IsEmpty(Container(211).ListItem.Property(PlotOutline))</visible>
						</control>
					</control>
				</control>
				<!-- TV Shows -->
				<control type="group" id="129">
					<visible>Container(9000).HasFocus(2)</visible>
					<include>SettingsFadeAnimation</include>
					<control type="panel" id="121">
						<width>1316</width>
						<height>658</height>
						<pagecontrol>61</pagecontrol>
						<onleft>9000</onleft>
						<onright>61</onright>
						<onup>121</onup>
						<ondown>121</ondown>
						<orientation>vertical</orientation>
						<viewtype label="535">list</viewtype>
						<preloaditems>2</preloaditems>
						<itemlayout width="219" height="329">
							<control type="image">
								<width>219</width>
								<height>329</height>
								<aspectratio>scale</aspectratio>
								<texture background="true">$INFO[ListItem.Icon]</texture>
								<bordertexture border="2">thumbs/panel_border3.png</bordertexture>
								<bordersize>2</bordersize>
								<colordiffuse>BAffffff</colordiffuse>
							</control>
						</itemlayout>
						<focusedlayout width="219" height="329">
							<control type="group">
								<animation type="Focus">
									<effect type="zoom" start="95" end="100" time="200" tween="sine" easing="inout" center="auto" />
									<effect type="fade" start="80" end="100" time="200" tween="sine" easing="in" />
								</animation>
								<control type="image">
									<width>219</width>
									<height>329</height>
									<aspectratio>scale</aspectratio>
									<texture background="true">$INFO[ListItem.Icon]</texture>
									<bordertexture colordiffuse="$VAR[ThemeLabelColor]" border="8">thumbs/thumbnail_focused.png</bordertexture>
									<bordersize>8</bordersize>
								</control>
							</control>
						</focusedlayout>
					</control>
					<control type="group">
						<top>90</top>
						<control type="label">
							<top>670</top>
							<width>1316</width>
							<height>40</height>
							<label>$INFO[Container(121).ListItem.Label]</label>
							<font>font15</font>
							<textcolor>$VAR[ThemeLabelColor]</textcolor>
							<textoffsetx>15</textoffsetx>
						</control>
						<control type="label">
							<top>670</top>
							<width>1316</width>
							<height>40</height>
							<align>right</align>
							<label>$INFO[Container(121).ListItem.Property(Premiered)]</label>
							<font>font15</font>
							<textcolor>grey2</textcolor>
							<textoffsetx>15</textoffsetx>
						</control>
						<control type="textbox">
							<left>15</left>
							<top>720</top>
							<width>1286</width>
							<height>116</height>
							<label>$INFO[Container(121).ListItem.Property(Plot)]</label>
							<font>font15_textbox</font>
							<textcolor>grey2</textcolor>
							<autoscroll time="3000" delay="4000" repeat="5000">true</autoscroll>
						</control>
					</control>
				</control>
				<!-- Directors -->
				<control type="group" id="239">
					<visible>Container(9000).HasFocus(13)</visible>
					<include>SettingsFadeAnimation</include>
					<control type="panel" id="231">
						<width>1316</width>
						<height>658</height>
						<pagecontrol>61</pagecontrol>
						<onleft>9000</onleft>
						<onright>61</onright>
						<onup>231</onup>
						<ondown>231</ondown>
						<orientation>vertical</orientation>
						<viewtype label="535">list</viewtype>
						<preloaditems>2</preloaditems>
						<itemlayout width="219" height="329">
							<control type="image">
								<width>219</width>
								<height>329</height>
								<aspectratio>scale</aspectratio>
								<texture background="true">$INFO[ListItem.Icon]</texture>
								<bordertexture border="2">thumbs/panel_border3.png</bordertexture>
								<bordersize>2</bordersize>
								<colordiffuse>BAffffff</colordiffuse>
							</control>
						</itemlayout>
						<focusedlayout width="219" height="329">
							<control type="group">
								<animation type="Focus">
									<effect type="zoom" start="95" end="100" time="200" tween="sine" easing="inout" center="auto" />
									<effect type="fade" start="80" end="100" time="200" tween="sine" easing="in" />
								</animation>
								<control type="image">
									<width>219</width>
									<height>329</height>
									<aspectratio>scale</aspectratio>
									<texture background="true">$INFO[ListItem.Icon]</texture>
									<bordertexture colordiffuse="$VAR[ThemeLabelColor]" border="8">thumbs/thumbnail_focused.png</bordertexture>
									<bordersize>8</bordersize>
								</control>
							</control>
						</focusedlayout>
					</control>
					<control type="group">
						<top>90</top>
						<control type="label">
							<top>670</top>
							<width>1316</width>
							<height>40</height>
							<label>$INFO[Container(231).ListItem.Label]</label>
							<font>font15</font>
							<textcolor>$VAR[ThemeLabelColor]</textcolor>
							<textoffsetx>15</textoffsetx>
						</control>
						<control type="label">
							<top>670</top>
							<width>1316</width>
							<height>40</height>
							<align>right</align>
							<label>$INFO[Container(231).ListItem.Property(Year),, • ]$INFO[Container(231).ListItem.Property(Duration),, $LOCALIZE[12391]]</label>
							<font>font15</font>
							<textcolor>grey2</textcolor>
							<textoffsetx>15</textoffsetx>
						</control>
						<control type="textbox">
							<left>15</left>
							<top>720</top>
							<width>1286</width>
							<height>116</height>
							<label>$INFO[Container(231).ListItem.Property(PlotOutline)]</label>
							<font>font15_textbox</font>
							<textcolor>grey2</textcolor>
							<autoscroll time="3000" delay="4000" repeat="5000">true</autoscroll>
						</control>
						<control type="textbox">
							<left>15</left>
							<top>720</top>
							<width>1286</width>
							<height>116</height>
							<label>$INFO[Container(231).ListItem.Property(Plot)]</label>
							<font>font15_textbox</font>
							<textcolor>grey2</textcolor>
							<autoscroll time="3000" delay="4000" repeat="5000">true</autoscroll>
							<visible>String.IsEmpty(Container(231).ListItem.Property(PlotOutline))</visible>
						</control>
					</control>
				</control>
				<!-- Seasons -->
				<control type="group" id="139">
					<visible>Container(9000).HasFocus(3)</visible>
					<include>SettingsFadeAnimation</include>
					<control type="panel" id="131">
						<width>1316</width>
						<height>658</height>
						<pagecontrol>61</pagecontrol>
						<onleft>9000</onleft>
						<onright>61</onright>
						<onup>131</onup>
						<ondown>131</ondown>
						<orientation>vertical</orientation>
						<viewtype label="535">list</viewtype>
						<preloaditems>2</preloaditems>
						<itemlayout width="219" height="329">
							<control type="image">
								<width>219</width>
								<height>329</height>
								<aspectratio>scale</aspectratio>
								<texture background="true">$INFO[ListItem.Icon]</texture>
								<bordertexture border="2">thumbs/panel_border3.png</bordertexture>
								<bordersize>2</bordersize>
								<colordiffuse>BAffffff</colordiffuse>
							</control>
						</itemlayout>
						<focusedlayout width="219" height="329">
							<control type="group">
								<animation type="Focus">
									<effect type="zoom" start="95" end="100" time="200" tween="sine" easing="inout" center="auto" />
									<effect type="fade" start="80" end="100" time="200" tween="sine" easing="in" />
								</animation>
								<control type="image">
									<width>219</width>
									<height>329</height>
									<aspectratio>scale</aspectratio>
									<texture background="true">$INFO[ListItem.Icon]</texture>
									<bordertexture colordiffuse="$VAR[ThemeLabelColor]" border="8">thumbs/thumbnail_focused.png</bordertexture>
									<bordersize>8</bordersize>
								</control>
							</control>
						</focusedlayout>
					</control>
					<control type="group">
						<top>90</top>
						<control type="label">
							<top>670</top>
							<width>1316</width>
							<height>40</height>
							<label>$INFO[Container(131).ListItem.Label]</label>
							<font>font15</font>
							<textcolor>$VAR[ThemeLabelColor]</textcolor>
							<textoffsetx>15</textoffsetx>
						</control>
						<control type="label">
							<top>670</top>
							<width>1316</width>
							<height>40</height>
							<align>right</align>
							<label>$INFO[Container(131).ListItem.Property(tvshowtitle)]</label>
							<font>font15</font>
							<textcolor>grey2</textcolor>
							<textoffsetx>15</textoffsetx>
						</control>
						<control type="textbox">
							<left>15</left>
							<top>720</top>
							<width>1286</width>
							<height>116</height>
							<label>$INFO[Container(131).ListItem.Property(Plot)]</label>
							<font>font15_textbox</font>
							<textcolor>grey2</textcolor>
							<autoscroll time="3000" delay="4000" repeat="5000">true</autoscroll>
						</control>
					</control>
				</control>
				<!-- Episodes -->
				<control type="group" id="149">
					<visible>Container(9000).HasFocus(4)</visible>
					<include>SettingsFadeAnimation</include>
					<control type="panel" id="141">
						<width>1316</width>
						<height>658</height>
						<pagecontrol>61</pagecontrol>
						<onleft>9000</onleft>
						<onright>61</onright>
						<onup>141</onup>
						<ondown>141</ondown>
						<orientation>vertical</orientation>
						<viewtype label="535">list</viewtype>
						<preloaditems>2</preloaditems>
						<itemlayout width="329" height="219">
							<control type="image">
								<width>329</width>
								<height>219</height>
								<aspectratio>scale</aspectratio>
								<texture background="true">$INFO[ListItem.Icon]</texture>
								<bordertexture border="2">thumbs/panel_border3.png</bordertexture>
								<bordersize>2</bordersize>
								<colordiffuse>BAffffff</colordiffuse>
							</control>
						</itemlayout>
						<focusedlayout width="329" height="219">
							<control type="group">
								<animation type="Focus">
									<effect type="zoom" start="95" end="100" time="200" tween="sine" easing="inout" center="auto" />
									<effect type="fade" start="80" end="100" time="200" tween="sine" easing="in" />
								</animation>
								<control type="image">
									<width>329</width>
									<height>219</height>
									<aspectratio>scale</aspectratio>
									<texture background="true">$INFO[ListItem.Icon]</texture>
									<bordertexture colordiffuse="$VAR[ThemeLabelColor]" border="8">thumbs/thumbnail_focused.png</bordertexture>
									<bordersize>8</bordersize>
								</control>
							</control>
						</focusedlayout>
					</control>
					<control type="group">
						<top>90</top>
						<control type="label">
							<top>670</top>
							<width>1316</width>
							<height>40</height>
							<label>$INFO[Container(141).ListItem.Label]</label>
							<font>font15</font>
							<textcolor>$VAR[ThemeLabelColor]</textcolor>
							<textoffsetx>15</textoffsetx>
						</control>
						<control type="label">
							<top>670</top>
							<width>1316</width>
							<height>40</height>
							<align>right</align>
							<label>$INFO[Container(141).ListItem.Property(TvShowTitle)]</label>
							<font>font15</font>
							<textcolor>grey2</textcolor>
							<textoffsetx>15</textoffsetx>
						</control>
						<control type="textbox">
							<left>15</left>
							<top>720</top>
							<width>1286</width>
							<height>116</height>
							<label>$INFO[Container(141).ListItem.Property(Plot)]</label>
							<font>font15_textbox</font>
							<textcolor>grey2</textcolor>
							<autoscroll time="3000" delay="4000" repeat="5000">true</autoscroll>
						</control>
					</control>
				</control>
				<!-- Music Videos -->
				<control type="group" id="159">
					<visible>Container(9000).HasFocus(5)</visible>
					<include>SettingsFadeAnimation</include>
					<control type="panel" id="151">
						<width>1316</width>
						<height>658</height>
						<pagecontrol>61</pagecontrol>
						<onleft>9000</onleft>
						<onright>61</onright>
						<onup>151</onup>
						<ondown>151</ondown>
						<orientation>vertical</orientation>
						<viewtype label="535">list</viewtype>
						<preloaditems>2</preloaditems>
						<itemlayout width="219" height="329">
							<control type="image">
								<width>219</width>
								<height>329</height>
								<aspectratio>scale</aspectratio>
								<texture background="true">$INFO[ListItem.Icon]</texture>
								<bordertexture border="2">thumbs/panel_border3.png</bordertexture>
								<bordersize>2</bordersize>
								<colordiffuse>BAffffff</colordiffuse>
							</control>
						</itemlayout>
						<focusedlayout width="219" height="329">
							<control type="group">
								<animation type="Focus">
									<effect type="zoom" start="95" end="100" time="200" tween="sine" easing="inout" center="auto" />
									<effect type="fade" start="80" end="100" time="200" tween="sine" easing="in" />
								</animation>
								<control type="image">
									<width>219</width>
									<height>329</height>
									<aspectratio>scale</aspectratio>
									<texture background="true">$INFO[ListItem.Icon]</texture>
									<bordertexture colordiffuse="$VAR[ThemeLabelColor]" border="8">thumbs/thumbnail_focused.png</bordertexture>
									<bordersize>8</bordersize>
								</control>
							</control>
						</focusedlayout>
					</control>
					<control type="group">
						<top>90</top>
						<control type="label">
							<top>670</top>
							<width>1316</width>
							<height>40</height>
							<label>$INFO[Container(151).ListItem.Property(Artist)] • $INFO[Container(151).ListItem.Label]</label>
							<font>font15</font>
							<textcolor>$VAR[ThemeLabelColor]</textcolor>
							<textoffsetx>15</textoffsetx>
						</control>
						<control type="label">
							<top>670</top>
							<width>1316</width>
							<height>40</height>
							<align>right</align>
							<label>$INFO[Container(151).ListItem.Property(Year)] • $INFO[Container(151).ListItem.Property(Duration)]</label>
							<font>font15</font>
							<textcolor>grey2</textcolor>
							<textoffsetx>15</textoffsetx>
						</control>
						<control type="textbox">
							<left>15</left>
							<top>720</top>
							<width>1286</width>
							<height>116</height>
							<label>$INFO[Container(151).ListItem.Property(Plot)]</label>
							<font>font15_textbox</font>
							<textcolor>grey2</textcolor>
							<autoscroll time="3000" delay="4000" repeat="5000">true</autoscroll>
						</control>
					</control>
				</control>
				<!-- Artists -->
				<control type="group" id="169">
					<visible>Container(9000).HasFocus(6)</visible>
					<include>SettingsFadeAnimation</include>
					<control type="panel" id="161">
						<width>1316</width>
						<height>658</height>
						<pagecontrol>61</pagecontrol>
						<onleft>9000</onleft>
						<onright>61</onright>
						<onup>161</onup>
						<ondown>161</ondown>
						<orientation>vertical</orientation>
						<viewtype label="535">list</viewtype>
						<preloaditems>2</preloaditems>
						<itemlayout width="329" height="329">
							<control type="image">
								<width>329</width>
								<height>329</height>
								<aspectratio>scale</aspectratio>
								<texture background="true">$INFO[ListItem.Icon]</texture>
								<bordertexture border="2">thumbs/panel_border3.png</bordertexture>
								<bordersize>2</bordersize>
								<colordiffuse>BAffffff</colordiffuse>
							</control>
						</itemlayout>
						<focusedlayout width="329" height="329">
							<control type="group">
								<animation type="Focus">
									<effect type="zoom" start="95" end="100" time="200" tween="sine" easing="inout" center="auto" />
									<effect type="fade" start="80" end="100" time="200" tween="sine" easing="in" />
								</animation>
								<control type="image">
									<width>329</width>
									<height>329</height>
									<aspectratio>scale</aspectratio>
									<texture background="true">$INFO[ListItem.Icon]</texture>
									<bordertexture colordiffuse="$VAR[ThemeLabelColor]" border="8">thumbs/thumbnail_focused.png</bordertexture>
									<bordersize>8</bordersize>
								</control>
							</control>
						</focusedlayout>
					</control>
					<control type="group">
						<top>90</top>
						<control type="label">
							<top>670</top>
							<width>1316</width>
							<height>40</height>
							<label>$INFO[Container(161).ListItem.Label]</label>
							<font>font15</font>
							<textcolor>$VAR[ThemeLabelColor]</textcolor>
							<textoffsetx>15</textoffsetx>
						</control>
						<control type="textbox">
							<left>15</left>
							<top>720</top>
							<width>1286</width>
							<height>116</height>
							<label>$INFO[Container(161).ListItem.Property(Artist_Description)]</label>
							<font>font15_textbox</font>
							<textcolor>grey2</textcolor>
							<autoscroll time="3000" delay="4000" repeat="5000">true</autoscroll>
						</control>
					</control>
				</control>
				<!-- Albums -->
				<control type="group" id="179">
					<visible>Container(9000).HasFocus(7)</visible>
					<include>SettingsFadeAnimation</include>
					<control type="panel" id="171">
						<width>1316</width>
						<height>658</height>
						<pagecontrol>61</pagecontrol>
						<onleft>9000</onleft>
						<onright>61</onright>
						<onup>171</onup>
						<ondown>171</ondown>
						<orientation>vertical</orientation>
						<viewtype label="535">list</viewtype>
						<preloaditems>2</preloaditems>
						<itemlayout width="329" height="329">
							<control type="image">
								<width>329</width>
								<height>329</height>
								<aspectratio>scale</aspectratio>
								<texture background="true">$INFO[ListItem.Icon]</texture>
								<bordertexture border="2">thumbs/panel_border3.png</bordertexture>
								<bordersize>2</bordersize>
								<colordiffuse>BAffffff</colordiffuse>
							</control>
						</itemlayout>
						<focusedlayout width="329" height="329">
							<control type="group">
								<animation type="Focus">
									<effect type="zoom" start="95" end="100" time="200" tween="sine" easing="inout" center="auto" />
									<effect type="fade" start="80" end="100" time="200" tween="sine" easing="in" />
								</animation>
								<control type="image">
									<width>329</width>
									<height>329</height>
									<aspectratio>scale</aspectratio>
									<texture background="true">$INFO[ListItem.Icon]</texture>
									<bordertexture colordiffuse="$VAR[ThemeLabelColor]" border="8">thumbs/thumbnail_focused.png</bordertexture>
									<bordersize>8</bordersize>
								</control>
							</control>
						</focusedlayout>
					</control>
					<control type="group">
						<top>90</top>
						<control type="label">
							<top>670</top>
							<width>1316</width>
							<height>40</height>
							<label>$INFO[Container(171).ListItem.Property(Artist)] • $INFO[Container(171).ListItem.Label]</label>
							<font>font15</font>
							<textcolor>$VAR[ThemeLabelColor]</textcolor>
							<textoffsetx>15</textoffsetx>
						</control>
						<control type="textbox">
							<left>15</left>
							<top>720</top>
							<width>1286</width>
							<height>116</height>
							<label>$INFO[Container(171).ListItem.Property(Album_Description)]</label>
							<font>font15_textbox</font>
							<textcolor>grey2</textcolor>
							<autoscroll time="3000" delay="4000" repeat="5000">true</autoscroll>
						</control>
					</control>
				</control>
				<!-- Songs -->
				<control type="group" id="189">
					<visible>Container(9000).HasFocus(8)</visible>
					<include>SettingsFadeAnimation</include>
					<control type="panel" id="181">
						<width>1316</width>
						<height>658</height>
						<pagecontrol>61</pagecontrol>
						<onleft>9000</onleft>
						<onright>61</onright>
						<onup>181</onup>
						<ondown>181</ondown>
						<orientation>vertical</orientation>
						<viewtype label="535">list</viewtype>
						<preloaditems>2</preloaditems>
						<itemlayout width="329" height="329">
							<control type="image">
								<width>329</width>
								<height>329</height>
								<aspectratio>scale</aspectratio>
								<texture background="true">$INFO[ListItem.Icon]</texture>
								<bordertexture border="2">thumbs/panel_border3.png</bordertexture>
								<bordersize>2</bordersize>
								<colordiffuse>BAffffff</colordiffuse>
							</control>
						</itemlayout>
						<focusedlayout width="329" height="329">
							<control type="group">
								<animation type="Focus">
									<effect type="zoom" start="95" end="100" time="200" tween="sine" easing="inout" center="auto" />
									<effect type="fade" start="80" end="100" time="200" tween="sine" easing="in" />
								</animation>
								<control type="image">
									<width>329</width>
									<height>329</height>
									<aspectratio>scale</aspectratio>
									<texture background="true">$INFO[ListItem.Icon]</texture>
									<bordertexture colordiffuse="$VAR[ThemeLabelColor]" border="8">thumbs/thumbnail_focused.png</bordertexture>
									<bordersize>8</bordersize>
								</control>
							</control>
						</focusedlayout>
					</control>
					<control type="group">
						<top>90</top>
						<control type="label">
							<top>670</top>
							<width>1316</width>
							<height>40</height>
							<label>$INFO[Container(181).ListItem.Property(Artist)] • $INFO[Container(181).ListItem.Label]</label>
							<font>font15</font>
							<textcolor>$VAR[ThemeLabelColor]</textcolor>
							<textoffsetx>15</textoffsetx>
						</control>
						<control type="textbox">
							<left>15</left>
							<top>720</top>
							<width>1286</width>
							<height>116</height>
							<label>$INFO[Container(181).ListItem.Property(Album)] ($INFO[Container(181).ListItem.Property(Year)])[CR]$INFO[Container(181).ListItem.Property(Genre)] • $INFO[Container(181).ListItem.Property(Duration)]</label>
							<font>font15_textbox</font>
							<textcolor>grey2</textcolor>
							<autoscroll time="3000" delay="4000" repeat="5000">true</autoscroll>
						</control>
					</control>
				</control>
				<!-- PVR -->
				<control type="group" id="229">
					<visible>Container(9000).HasFocus(12)</visible>
					<include>SettingsFadeAnimation</include>
					<control type="panel" id="221">
						<width>1316</width>
						<height>658</height>
						<pagecontrol>61</pagecontrol>
						<onleft>9000</onleft>
						<onright>61</onright>
						<onup>111</onup>
						<ondown>111</ondown>
						<orientation>vertical</orientation>
						<viewtype label="535">list</viewtype>
						<preloaditems>2</preloaditems>
						<itemlayout width="329" height="329">
							<control type="image">
								<width>329</width>
								<height>329</height>
								<aspectratio>scale</aspectratio>
								<texture background="true">$INFO[ListItem.Icon]</texture>
								<bordertexture border="2">thumbs/panel_border3.png</bordertexture>
								<bordersize>2</bordersize>
								<colordiffuse>BAffffff</colordiffuse>
							</control>
						</itemlayout>
						<focusedlayout width="329" height="329">
							<control type="group">
								<animation type="Focus">
									<effect type="zoom" start="95" end="100" time="200" tween="sine" easing="inout" center="auto" />
									<effect type="fade" start="80" end="100" time="200" tween="sine" easing="in" />
								</animation>
								<control type="image">
									<width>329</width>
									<height>329</height>
									<aspectratio>scale</aspectratio>
									<texture background="true">$INFO[ListItem.Icon]</texture>
									<bordertexture colordiffuse="$VAR[ThemeLabelColor]" border="8">thumbs/thumbnail_focused.png</bordertexture>
									<bordersize>8</bordersize>
								</control>
							</control>
						</focusedlayout>
					</control>
					<control type="group">
						<top>90</top>
						<control type="label">
							<top>670</top>
							<width>1316</width>
							<height>40</height>
							<label>$INFO[Container(221).ListItem.Label]</label>
							<font>font15</font>
							<textcolor>$VAR[ThemeLabelColor]</textcolor>
							<textoffsetx>15</textoffsetx>
						</control>
						<control type="label">
							<top>670</top>
							<width>1316</width>
							<height>40</height>
							<align>right</align>
							<label>$INFO[Container(221).ListItem.Property(Year),, • ]$INFO[Container(221).ListItem.Property(Duration),, $LOCALIZE[12391]]</label>
							<font>font15</font>
							<textcolor>grey2</textcolor>
							<textoffsetx>15</textoffsetx>
						</control>
						<control type="textbox">
							<left>15</left>
							<top>720</top>
							<width>1286</width>
							<height>116</height>
							<label>$INFO[Container(221).ListItem.Property(PlotOutline)]</label>
							<font>font15_textbox</font>
							<textcolor>grey2</textcolor>
							<autoscroll time="3000" delay="4000" repeat="5000">true</autoscroll>
						</control>
						<control type="textbox">
							<left>15</left>
							<top>720</top>
							<width>1286</width>
							<height>116</height>
							<label>$INFO[Container(221).ListItem.Property(Plot)]</label>
							<font>font15_textbox</font>
							<textcolor>grey2</textcolor>
							<autoscroll time="3000" delay="4000" repeat="5000">true</autoscroll>
							<visible>String.IsEmpty(Container(221).ListItem.Property(PlotOutline))</visible>
						</control>
					</control>
				</control>
			</control>
			<control type="scrollbar" id="61">
				<left>1838</left>
				<top>160</top>
				<width>14</width>
				<height>658</height>
				<onleft>101</onleft>
				<onright>noop</onright>
				<ondown>61</ondown>
				<onup>61</onup>
				<showonepage>false</showonepage>
				<texturesliderbackground />
				<texturesliderbar colordiffuse="55ffffff" border="1">scrollbar/texturesliderbar2.png</texturesliderbar>
				<texturesliderbarfocus border="1">scrollbar/texturesliderbar2.png</texturesliderbarfocus>
				<animation effect="fade" start="100" end="0" time="500" delay="500" condition="!Control.HasFocus(61) + !Container.Scrolling">Conditional</animation>
			</control>
		</control>
	</controls>
</window>
