<?xml version="1.0" encoding="UTF-8" standalone="yes"?>
<addon id="script.pair"
  name="PAIR PLUGIN"
  version="1.1" 
  provider-name="     ">
  <requires>
    <import addon="xbmc.python" version="2.1.0"/>
  </requires>
  <extension point="xbmc.python.script" library="addon.py">
    <provides>executable</provides>
  </extension>
  <extension point="xbmc.addon.metadata">
    <platform>all</platform>
    <summary lang="en">PAIR PLUGIN</summary>
    <description lang="en">PAIR PLUGIN</description>
	<disclaimer>PAIR PLUGIN</disclaimer>
  </extension>
</addon>
