<?xml version="1.0" encoding="UTF-8"?>
<addon id="plugin.video.kreskowki"
version="1.1"
name="Kreskowki"
provider-name="GalAnonim">
<requires>
  <import addon="xbmc.python" version="2.25.0"/>
  <import addon="script.module.urlresolver" />
  <import addon="script.module.requests"/>
</requires>
<extension point="xbmc.python.pluginsource" library="main.py">
  <provides>video</provides>
</extension>
<extension point="xbmc.addon.metadata">
  <summary lang="en">Kreskowki Plugin Wideo</summary>
  <description lang="en_GB">Plugin z kreskówkami</description>
  <disclaimer lang="en_GB">Wszelkie treści multimedialne są własnością KreskowkaZone. Wtyczka tworzona na potrzeby prywatne.</disclaimer>
  <assets>
    <icon>icon.jpg</icon>
    <fanart>fanart.jpg</fanart>
  </assets>
  <news>wyszukiwarka</news>
</extension>
</addon>