<?xml version="1.0" encoding="UTF-8" standalone="yes" ?>
<addon id="repository.polishteam" name="PolishTeam_Repo" version="0.1.3" provider-name="Polish Team">
	<extension point="xbmc.addon.repository" name="PolishTeam-Repo">
	<dir>
		<info compressed="false">http://polishteam.ru/REPO/addons.xml</info>
		<checksum>http://polishteam.ru/REPO/addons.xml.md5</checksum>
		<datadir zip="true">http://polishteam.ru/REPO/</datadir>
		<datadir zip="true"></datadir>
	</dir>	
	<dir>
		<info compressed="false">https://raw.githubusercontent.com/fanfilm/repository.fanfilm/master/zips/addons.xml</info>
		<checksum>https://raw.githubusercontent.com/fanfilm/repository.fanfilm/master/zips/addons.xml.md5</checksum>
		<datadir zip="true">https://raw.github.com/fanfilm/repository.fanfilm/master/zips</datadir>
	</dir>
	<dir>
		<info compressed="false">https://raw.githubusercontent.com/CherryKodi/CHERRY/master/addons.xml</info>
		<checksum>https://raw.githubusercontent.com/CherryKodi/CHERRY/master/addons.xml.md5</checksum>
		<datadir zip="true">https://github.com/CherryKodi/CHERRY/tree/master/zips</datadir>
	</dir>
		
	</extension>
	<extension point="xbmc.addon.metadata">
		<summary>Repozytorium wizardow Polish Team</summary>
		<description></description> 
		<platform>all</platform>
		<license>GNUv3</license>
		<website>http://polishteam.ru/</website>
	</extension>
</addon>


