<window>
	<defaultcontrol always="true">9000</defaultcontrol>
	<coordinates>
		<system>1</system>
		<posx>240</posx>
		<posy>60</posy>
	</coordinates>
	<include>dialogeffect</include>
	<controls>
		<control type="image">
			<description>background image</description>
			<posx>0</posx>
			<posy>0</posy>
			<width>800</width>
			<height>600</height>
			<texture border="40">DialogBack.png</texture>
		</control>
		<control type="image">
			<description>Dialog Header image</description>
			<posx>40</posx>
			<posy>16</posy>
			<width>720</width>
			<height>40</height>
			<texture>dialogheader.png</texture>
		</control>
		<control type="label">
			<description>header label</description>
			<posx>40</posx>
			<posy>20</posy>
			<width>720</width>
			<height>30</height>
			<font>font13_title</font>
			<label>$ADDON[adsp.freesurround 30011]</label>
			<align>center</align>
			<aligny>center</aligny>
			<textcolor>selected</textcolor>
			<shadowcolor>black</shadowcolor>
		</control>
		<control type="button">
			<description>Close Window button</description>
			<posx>710</posx>
			<posy>15</posy>
			<width>64</width>
			<height>32</height>
			<label>-</label>
			<font>-</font>
			<onclick>PreviousMenu</onclick>
			<texturefocus>DialogCloseButton-focus.png</texturefocus>
			<texturenofocus>DialogCloseButton.png</texturenofocus>
			<onleft>10</onleft>
			<onright>10</onright>
			<onup>10</onup>
			<ondown>10</ondown>
			<visible>System.GetBool(input.enablemouse)</visible>
		</control>
		<control type="grouplist" id="9000">
			<description>General Options list</description>
			<posx>40</posx>
			<posy>55</posy>
			<width>720</width>
			<height>475</height>
			<onup>9001</onup>
			<ondown>9001</ondown>
			<control type="sliderex" id="41">
				<description>Circular wrap</description>
				<height>40</height>
				<texturenofocus border="5">button-nofocus.png</texturenofocus>
				<texturefocus border="5">button-focus2.png</texturefocus>
				<font>font13</font>
				<textcolor>grey2</textcolor>
				<focusedcolor>white</focusedcolor>
				<label>$ADDON[adsp.freesurround 30018]</label>
			</control>
			<control type="sliderex" id="42">
				<description>Shift</description>
				<height>40</height>
				<texturenofocus border="5">button-nofocus.png</texturenofocus>
				<texturefocus border="5">button-focus2.png</texturefocus>
				<font>font13</font>
				<textcolor>grey2</textcolor>
				<focusedcolor>white</focusedcolor>
				<label>$ADDON[adsp.freesurround 30020]</label>
			</control>
			<control type="sliderex" id="43">
				<description>Depth</description>
				<height>40</height>
				<texturenofocus border="5">button-nofocus.png</texturenofocus>
				<texturefocus border="5">button-focus2.png</texturefocus>
				<font>font13</font>
				<textcolor>grey2</textcolor>
				<focusedcolor>white</focusedcolor>
				<label>$ADDON[adsp.freesurround 30013]</label>
			</control>
			<control type="sliderex" id="44">
				<description>Focus</description>
				<height>40</height>
				<texturenofocus border="5">button-nofocus.png</texturenofocus>
				<texturefocus border="5">button-focus2.png</texturefocus>
				<font>font13</font>
				<textcolor>grey2</textcolor>
				<focusedcolor>white</focusedcolor>
				<label>$ADDON[adsp.freesurround 30014]</label>
			</control>
			<control type="sliderex" id="45">
				<description>front seperation</description>
				<height>40</height>
				<texturenofocus border="5">button-nofocus.png</texturenofocus>
				<texturefocus border="5">button-focus2.png</texturefocus>
				<font>font13</font>
				<textcolor>grey2</textcolor>
				<focusedcolor>white</focusedcolor>
				<label>$ADDON[adsp.freesurround 30016]</label>
			</control>
			<control type="sliderex" id="46">
				<description>rear seperation</description>
				<height>40</height>
				<texturenofocus border="5">button-nofocus.png</texturenofocus>
				<texturefocus border="5">button-focus2.png</texturefocus>
				<font>font13</font>
				<textcolor>grey2</textcolor>
				<focusedcolor>white</focusedcolor>
				<label>$ADDON[adsp.freesurround 30017]</label>
			</control>
		</control>
		<control type="group" id="9001">
			<posx>95</posx>
			<posy>535</posy>
			<control type="button" id="1">
				<description>Ok Button</description>
				<posx>0</posx>
				<posy>0</posy>
				<width>200</width>
				<height>40</height>
				<align>center</align>
				<aligny>center</aligny>
				<texturenofocus border="5">button-nofocus.png</texturenofocus>
				<texturefocus border="5">button-focus.png</texturefocus>
				<label>186</label>
				<font>font12_title</font>
				<onup>9000</onup>
				<onleft>5</onleft>
				<onright>2</onright>
				<ondown>9000</ondown>
			</control>
			<control type="button" id="2">
				<description>Cancel Button</description>
				<posx>210</posx>
				<posy>0</posy>
				<width>200</width>
				<height>40</height>
				<align>center</align>
				<aligny>center</aligny>
				<texturenofocus border="5">button-nofocus.png</texturenofocus>
				<texturefocus border="5">button-focus.png</texturefocus>
				<label>222</label>
				<font>font12_title</font>
				<onup>9000</onup>
				<onleft>1</onleft>
				<onright>5</onright>
				<ondown>9000</ondown>
			</control>
			<control type="button" id="5">
				<description>Default Button</description>
				<posx>420</posx>
				<posy>0</posy>
				<width>200</width>
				<height>40</height>
				<align>center</align>
				<aligny>center</aligny>
				<texturenofocus border="5">button-nofocus.png</texturenofocus>
				<texturefocus border="5">button-focus.png</texturefocus>
				<label>409</label>
				<font>font12_title</font>
				<onup>9000</onup>
				<onleft>2</onleft>
				<onright>1</onright>
				<ondown>9000</ondown>
			</control>
		</control>
	</controls>
</window>
