<?xml version="1.0" encoding="UTF-8"?>
<window>
	<animation effect="fade" time="75">WindowOpen</animation>
	<animation effect="fade" time="150">WindowClose</animation>
	<coordinates>
		<left>0</left>
		<top>0</top>
	</coordinates>
	<controls>
		<control type="group">
			<depth>DepthDialog+</depth>
			<left>1070</left>
			<top>5</top>
			<control type="image">
				<description>background image</description>
				<left>0</left>
				<top>0</top>
				<width>200</width>
				<height>70</height>
				<texture border="20">OverlayDialogBackground.png</texture>
			</control>
            <control type="image">
                <description>Busy animation</description>
				<left>5</left>
				<top>3</top>
				<width>64</width>
				<height>64</height>
                <texture>special://skin/media/busy/loading-back.png</texture>
                <aspectratio>keep</aspectratio>
            </control>
            <control type="image">
                <description>Busy animation</description>
				<left>5</left>
				<top>3</top>
				<width>64</width>
				<height>64</height>
				
				<aspectratio>keep</aspectratio>
                <animation effect="rotate" condition="true" start="360" end="0" loop="true" time="1000" center="auto">Conditional</animation>
                <texture colordiffuse="blue">special://skin/media/busy/loading-spinner.png</texture>
                <aspectratio>keep</aspectratio>
            </control>

			<control type="label">
				<description>Busy label</description>
				<left>80</left>
				<top>18</top>
				<width>120</width>
				<height>32</height>
				<align>left</align>
				<aligny>center</aligny>
				<label>$LOCALIZE[31004]</label>
				<font>font12</font>
			</control>
			<control type="progress" id="10">
				<description>Progressbar</description>
				<left>20</left>
				<top>53</top>
				<width>160</width>
				<height>8</height>
			</control>
		</control>
	</controls>
</window>
