<?xml version="1.0" encoding="UTF-8"?>
<window>
	<defaultcontrol always="true">50</defaultcontrol>
	<menucontrol>9000</menucontrol>
	<views>50,901,504,52,53,54,509,500,550,909,551,560,501,508,503,515,505,511,51</views>
	<onload condition="!Skin.HasSetting(FirstTimeRun)">ActivateWindow(1112)</onload>
	
	
	
	<!-- fix lost focus for python video addons -->
	<!--<onload condition="!String.IsEmpty(Container.PluginName) + String.StartsWith(Container.PluginName,plugin.video)">Notification(Debug,$INFO[Container.PluginName])</onload>-->
	<!--
	<onload condition="!String.IsEmpty(Container.PluginName) + String.StartsWith(Container.PluginName,plugin.video) + Window.Previous(Home)">AlarmClock(LostFocusFix1,SetFocus(50),00:00:01)</onload>
	<onload condition="!String.IsEmpty(Container.PluginName) + String.StartsWith(Container.PluginName,plugin.video) + Window.Previous(Home)">AlarmClock(LostFocusFix2,SetFocus(50),00:00:02)</onload>
	-->
	<!--
	<onload condition="!String.IsEmpty(Container.PluginName) + String.StartsWith(Container.PluginName,plugin.video.youtube) + Window.Previous(Home)">AlarmClock(LostFocusFix1,SetFocus(50),00:00:02)</onload>
	-->
	

	
	
	<!-- DURATION SCRIPT -->
	<onload condition="System.HasAddon(script.duration_axbmcuser)">RunScript(script.duration_axbmcuser,backend=True)</onload>
	
	
	
	<controls>
		<include>CommonBackground</include>
		<include>ContentPanelBackgrounds</include>
		<control type="group">
			<include>Window_OpenClose_Animation</include>
			
			
			
			<!-- view id = 50 -->
			<include>CommonRootView</include>
			
			<!-- 901 -->
			<include>TextView</include>
			
			<!--EPISODES VIEW -->
			<include>MediaListView2</include>			
			<!-- view id = 51 -->
			<include condition="!Skin.HasSetting(ViewTypesSimplicity)">FullWidthList</include>
			
			
			<!-- view id = 500 -->
			<!-- view id = 909 -->
			<!-- Standard -->
			<include condition="!Skin.HasSetting(ViewModeSwitchWallViews)">ThumbnailView</include>
			<include condition="!Skin.HasSetting(ViewModeSwitchWallViews)">WallView2</include>
			<!-- IF WALL WITH MORE ITEMS IS DEFAULT -->
			<include condition="Skin.HasSetting(ViewModeSwitchWallViews)">ThumbnailViewSwitched</include>
			<include condition="Skin.HasSetting(ViewModeSwitchWallViews)">WallView2Switched</include>
			
			

			
			<!-- view id = 501 -->
			<include condition="!Skin.HasSetting(ViewTypesSimplicity)">PosterWrapView</include>
			<!-- view id = 508 -->
			<include condition="!Skin.HasSetting(ViewTypesSimplicity)">PosterWrapView2_Fanart</include>
			<!-- view id = 503 -->
			<include condition="!Skin.HasSetting(ViewTypesSimplicity)">MediaListView3</include>

			<!-- view id = 515 -->
			<include condition="!Skin.HasSetting(ViewTypesSimplicity)">MediaListView4</include>
			<!-- view id = 505 -->
			<include condition="!Skin.HasSetting(ViewTypesSimplicity)">WideIconView</include>
			<!-- NETFLIX VIEWS -->
			<include>Netflix_View_episodes</include>
			<include>View_52_BigPoster</include>
			<include>View_53_LowPoster</include>			
			<include>View_54_NetflixView</include>			
			

			<!-- view id = 560 -->
			<include>LiveTVView1</include>
			
			
			
		</control>
		<control type="group">
			<depth>DepthFooter</depth>
			<include condition="Skin.HasSetting(EnableMouseIcons)">CommonPageCount</include>
			<include>CommonNowPlaying</include>
		</control>
		<include condition="Skin.HasSetting(EnableMouseIcons)">MainWindowMouseButtons</include>
		<include>BehindDialogFadeOut</include>
		<include>ScrollOffsetLabel</include>
		
		
		
		
		
		
		
		
		<!--
		<value condition="Container.Content(movies) | String.StartsWith(container.folderpath,library://video/movies/) | String.StartsWith(container.folderpath,videodb://movies)">$LOCALIZE[20342]</value>
		<value condition="Container.Content(musicvideos) | String.StartsWith(container.folderpath,library://video/musicvideos/) | String.StartsWith(container.folderpath,videodb://musicvideos)">$LOCALIZE[20389]</value>
		<value condition="Container.Content(tvshows) | String.StartsWith(container.folderpath,library://video/tvshows/) | String.StartsWith(container.folderpath,videodb://tvshows)">$LOCALIZE[20343]</value>
		<value condition="Container.Content(seasons)">$LOCALIZE[20343]</value>
		<value condition="Container.Content(episodes)">$LOCALIZE[20343]</value>
		<value>$LOCALIZE[3]</value>
		-->
		

		
		
		
		
		
		

		
		
		
		<control type="group">
			<left>-250</left>
			<include>SideBladeLeft</include>
			<control type="grouplist" id="9000">
				<left>0</left>
				<top>60</top>
				<width>250</width>
				<height>650</height>
				<onleft>9000</onleft>
				<onright>50</onright>
				<onup>9000</onup>
				<ondown>9000</ondown>
				<onback>50</onback>
				<itemgap>0</itemgap>
				
				
				
				
				<control type="label" id="203">
					<width>250</width>
					<height>35</height>
					<font>font12</font>
					<label>31039</label>
					<textcolor>blue</textcolor>
					<align>center</align>
					<aligny>center</aligny>
				</control>
				
				<control type="button" id="204">
					<description>Get more</description>
					<textwidth>235</textwidth>
					<include>ButtonCommonValues</include>
					<label>21452</label>
					<onclick>ActivateWindow(AddonBrowser,addons://more/video/,return)</onclick>
					<visible>Container.Content(addons)</visible>
				</control>
				<control type="togglebutton" id="985427">
					<description>Clean Library</description>
					<include>ButtonCommonValues</include>
					<label>334</label>
					<onclick>CleanLibrary(video)</onclick>
					<alttexturefocus border="5">button-focus.png</alttexturefocus>
					<alttexturenofocus>-</alttexturenofocus>
					<usealttexture>library.isscanningvideo</usealttexture>
				</control>
				<control type="togglebutton" id="20">
					<description>Update library</description>
					<textwidth>235</textwidth>
					<include>ButtonCommonValues</include>
					<label>653</label>
					<altlabel>13353</altlabel>
					<alttexturefocus border="5">button-focus.png</alttexturefocus>
					<alttexturenofocus>-</alttexturenofocus>
					<usealttexture>library.isscanningvideo</usealttexture>
				</control>
				<control type="button" id="8">
					<description>Search</description>
					<include>ButtonCommonValues</include>
					<label>137</label>
				</control>
				
				
				
				<control type="label" id="200">
					<width>250</width>
					<height>35</height>
					<font>font12</font>
					<label>31006</label>
					<textcolor>blue</textcolor>
					<align>center</align>
					<aligny>center</aligny>
				</control>
				
				<control type="button" id="2">
					<description>View As button</description>
					<textwidth>235</textwidth>
					<include>ButtonCommonValues</include>
					<label>-</label>
				</control>
				<control type="button" id="3">
					<description>Sort by button</description>
					<include>ButtonCommonValues</include>
					<label>103</label>
				</control>
				<control type="togglebutton" id="4">
					<description>Sort asc</description>
					<include>ButtonCommonValues</include>
					<alttexturefocus border="5">button-focus.png</alttexturefocus>
					<alttexturenofocus>-</alttexturenofocus>
					<label>31051</label>
					<altlabel>31050</altlabel>
					<usealttexture>Container.SortDirection(Ascending)</usealttexture>
				</control>
				<control type="edit" id="19">
					<visible>Container.CanFilter + !Container.CanFilterAdvanced</visible>
					<description>Filter</description>
					<textwidth>230</textwidth>
					<include>ButtonCommonValues</include>
					<label>587</label>
				</control>
				<control type="radiobutton" id="98">
					<visible>Container.CanFilterAdvanced</visible>
					<description>Filter</description>
					<include>ButtonCommonValues</include>
					<label>587</label>
					<selected>Container.Filtered</selected>
					<onclick>right</onclick>
					<onclick>Filter</onclick>
				</control>
				<control type="radiobutton" id="14">
					<description>Watched Toggle</description>
					<textwidth>170</textwidth>
					<include>ButtonCommonValues</include>
					<label>20367</label>
				</control>
				<control type="radiobutton" id="99">
					<description>Show Info Toggle</description>
					<textwidth>170</textwidth>
					<include>ButtonCommonValues</include>
					<label>31005</label>
					<onclick>Skin.ToggleSetting(View508HideInfo)</onclick>
					<selected>Skin.HasSetting(View508HideInfo)</selected>
					<visible>Control.IsVisible(508)</visible>
				</control>
				
				
				
				<control type="label" id="201">
					<width>250</width>
					<height>35</height>
					<font>font12</font>
					<label>31026</label>
					<textcolor>blue</textcolor>
					<align>center</align>
					<aligny>center</aligny>
					<visible>Container.Content(MusicVideos) | system.haslocks</visible>
				</control>
				
				<control type="radiobutton" id="16">
					<description>PartyMode</description>
					<label>589</label>
					<include>ButtonCommonValues</include>
					<visible>Container.Content(MusicVideos)</visible>
				</control>
				<control type="radiobutton" id="11">
					<description>Unlock Shares</description>
					<textwidth>170</textwidth>
					<include>ButtonCommonValues</include>
					<label>20336</label>
					<onclick>mastermode</onclick>
					<selected>system.ismaster</selected>
					<visible>system.haslocks</visible>
				</control>
				
				<control type="radiobutton" id="1011">
					<description>Clear Logo</description>
					<textwidth>170</textwidth>
					<include>ButtonCommonValues</include>
					<label>Enable Clear Logo</label>
					<onclick>Skin.ToggleSetting(EnableViewClearlogo)</onclick>
					<selected>Skin.HasSetting(EnableViewClearlogo)</selected>
					<visible>!Control.IsVisible(509)</visible>
				</control>	

				<control type="radiobutton" id="1012">
					<description>Studios Logo</description>
					<textwidth>170</textwidth>
					<include>ButtonCommonValues</include>
					<label>Enable Studios Logo</label>
					<onclick>Skin.ToggleSetting(ShowStudioLogo)</onclick>
					<selected>Skin.HasSetting(ShowStudioLogo)</selected>
					<visible>Control.IsVisible(509)</visible>
				</control>				

				<control type="radiobutton" id="1013">
					<description>Clear Logo</description>
					<textwidth>170</textwidth>
					<include>ButtonCommonValues</include>
					<label>Disable Logo</label>
					<onclick>Skin.ToggleSetting(DisableNetflixLogo)</onclick>
					<selected>Skin.HasSetting(DisableNetflixLogo)</selected>
				</control>	
				
				<include>CommonNowPlaying_Controls</include>
				
				
				
			</control>
		</control>
	</controls>
</window>
