<?xml version="1.0" encoding="UTF-8"?>
<window>

	<defaultcontrol always="true">300</defaultcontrol>

	<controls>
			
		<control type="group">
		<animation effect="fade" start="0" end="100" time="500">WindowOpen</animation>
	    <animation effect="fade" start="100" end="0" time="500">WindowClose</animation>
		
	
			<control type="image">
				<left>-20</left>
				<top>-10</top>
				<width>1320</width>
				<height>800</height>
				<texture border="15">ContentPanel.png</texture>
				
			</control>
			<control type="image">
				<left>-20</left>
				<top>-10</top>
				<width>1320</width>
				<height>800</height>
				<texture border="15">ContentPanel.png</texture>
			</control>
		</control>			
		<!--all content-->
		<control type="group">
			<left>-265</left>
			<visible>!Window.IsActive(FileBrowser) + !Window.IsActive(SelectDialog) + !Window.IsVisible(YesNoDialog) + IsEmpty(Window.Property(additionalDialog))</visible>
			<animation effect="fade" start="0" end="100" time="500">WindowOpen</animation>
			<animation effect="fade" start="100" end="0" time="500">WindowClose</animation>
			
			<!--title bars and backgrounds-->
			<control type="group">
			

				
				<!--close window button-->
				<control type="button">
					<left>270</left>
					<top>10</top>
					<width>50</width>
					<height>25</height>
					<label>-</label>
					<font>-</font>
					<onclick>PreviousMenu</onclick>
					<texturefocus>DialogCloseButton-focus.png</texturefocus>
					<texturenofocus>DialogCloseButton.png</texturenofocus>
					<onleft>9000</onleft>
					<onright>9000</onright>
					<onup>9000</onup>
					<ondown>9000</ondown>
					<visible>system.getbool(input.enablemouse)</visible>
				</control>
				
			</control>
			
			<!--main content-->
			<control type="group">
				<left>250</left>
				<top>0</top>
				
				<!--title-->
				<control type="label" id="500">
					<left>45</left>
					<top>25</top>
					<width>1330</width>
					<height>60</height>
					<font>info.title</font>
					<align>left</align>
					<aligny>center</aligny>
					<textcolor>white</textcolor>
					<label>-</label>
				</control>
			
				<control type="group">
					<left>10</left>
					<top>120</top>
					
					<!--shortcuts-->
					<control type="list" id="211">
						<width>585</width>
						<height>600</height>
						<itemgap>5</itemgap>
						<pagecontrol>31</pagecontrol>
						<onleft>304</onleft>
						<onright>300</onright>
						<onup>211</onup>
						
						
						<itemlayout width="585" height="60">
		                  <control type="image">
                        <left>430</left>
                        
                        <width>50</width>
                        <height>50</height>
                        <texture>$INFO[ListItem.Icon]</texture>
                        
                        
                    </control>						
							<control type="label">
								<top>-5</top>
								<left>100</left>
								<width>300</width>
								<aligny>center</aligny>
								<textcolor>grey</textcolor>
								<label>$INFO[ListItem.Label]</label>
							</control>
							
						</itemlayout>
						
						<focusedlayout width="585" height="60">
		                  <control type="image">
                        <left>430</left>
                        
                        <width>50</width>
                        <height>50</height>
                        <texture>$INFO[ListItem.Icon]</texture>
                        
                        
                    </control>						
							<control type="image">
								<left>90</left>
								<height>50</height>
								<width>320</width>
								<texture>button-focus.png</texture>
								<animation effect="fade" start="100" end="30" time="100" condition="![Control.HasFocus(211) | Control.HasFocus(302) | Control.HasFocus(303) | Control.HasFocus(304)]">Conditional</animation>
							</control>

							<control type="label">
							    <top>-5</top>
								<left>100</left>
								<width>300</width>
								<aligny>center</aligny>
								<label>$INFO[ListItem.Label]</label>
								<textcolor>white</textcolor>
							</control>
							
						</focusedlayout>
						
					</control>
					
					<!--inline controls-->
					<control type="group" id="1000">
						<animation effect="slide" end="0,60" time="0" condition="Container(211).Row(1)">Conditional</animation>
						<animation effect="slide" end="0,120" time="0" condition="Container(211).Row(2)">Conditional</animation>
						<animation effect="slide" end="0,180" time="0" condition="Container(211).Row(3)">Conditional</animation>
						<animation effect="slide" end="0,240" time="0" condition="Container(211).Row(4)">Conditional</animation>
						<animation effect="slide" end="0,300" time="0" condition="Container(211).Row(5)">Conditional</animation>
						<animation effect="slide" end="0,360" time="0" condition="Container(211).Row(6)">Conditional</animation>
						<animation effect="slide" end="0,420" time="0" condition="Container(211).Row(7)">Conditional</animation>
						<animation effect="slide" end="0,480" time="0" condition="Container(211).Row(8)">Conditional</animation>
						<animation effect="slide" end="0,540" time="0" condition="Container(211).Row(9)">Conditional</animation>
						<animation effect="slide" end="0,600" time="0" condition="Container(211).Row(10)">Conditional</animation>
						<animation effect="slide" end="0,660" time="0" condition="Container(211).Row(11)">Conditional</animation>
						<animation effect="slide" end="0,720" time="0" condition="Container(211).Row(12)">Conditional</animation>
						<animation effect="slide" end="0,780" time="0" condition="Container(211).Row(13)">Conditional</animation>
						<animation effect="slide" end="0,840" time="0" condition="Container(211).Row(14)">Conditional</animation>
						<animation effect="slide" end="0,900" time="0" condition="Container(211).Row(15)">Conditional</animation>
						<animation effect="slide" end="0,960" time="0" condition="Container(211).Row(16)">Conditional</animation>
						<animation effect="slide" end="0,1020" time="0" condition="Container(211).Row(17)">Conditional</animation>
						<animation effect="slide" end="0,1080" time="0" condition="Container(211).Row(18)">Conditional</animation>
						<animation effect="slide" end="0,1140" time="0" condition="Container(211).Row(19)">Conditional</animation>
						<animation effect="slide" end="0,1200" time="0" condition="Container(211).Row(20)">Conditional</animation>

						<!--move up-->
						<control type="button" id="303">
							<width>32</width>
							<height>36</height>
							<left>20</left>
							<top>5</top>
							<label>-</label>
							<onup>211</onup>
							<onleft>303</onleft>
							<onright>304</onright>
							
							<texturefocus>scroll-up-focus-2.png</texturefocus>
							<texturenofocus colordiffuse="grey2">scroll-up-2.png</texturenofocus>
						</control>
						
						<!--move down-->
						<control type="button" id="304">
							<width>32</width>
							<height>36</height>
							<left>52</left>
							<top>5</top>
							<label>-</label>
							<onup>211</onup>
							<onleft>303</onleft>
							<onright>211</onright>
							<ondown>211</ondown>
							<texturefocus>scroll-down-focus-2.png</texturefocus>
							<texturenofocus colordiffuse="grey2">scroll-down-2.png</texturenofocus>
						</control>
						
						<!--remove-->

						
					</control>
					
					<!---control area-->
					<control type="grouplist" id="300">
						<left>500</left>
						<width>760</width>
						<height>780</height>
						<onleft>211</onleft>
						<onright>211</onright>
						<onup>300</onup>
						<ondown>302</ondown>
						<itemgap>0</itemgap>

						<!--change shortcut-->
						<control type="button" id="401">
							<width>760</width>
							<label>$ADDON[script.skinshortcuts 32048]</label>
						</control>
						
						<!--change label-->
						<control type="button" id="305">
							<width>760</width>
							<label>$ADDON[script.skinshortcuts 32025]</label>
							<label2>$INFO[Container(211).ListItem.Label]</label2>
						</control>
						
						<!--change action-->
						<control type="button" id="307">
							<width>760</width>
							<label>$ADDON[script.skinshortcuts 32027]</label>
							<label2>$INFO[Container(211).ListItem.Property(displaypath)]</label2>
						</control>
						
						<!--change widget-->
						<control type="button" id="312">
							<width>760</width>
							<label>$ADDON[script.skinshortcuts 32044]</label>
							<label2>$INFO[Container(211).ListItem.Property(widgetName)]</label2>
							<visible>StringCompare(Window.Property(groupname), mainmenu)</visible>
						</control>
						
						<!--edit sub-menu-->
						<control type="button" id="405">
							<width>760</width>
							<label>$ADDON[script.skinshortcuts 32072]</label>
							<visible>StringCompare(Window.Property("groupname"),mainmenu)</visible>
						</control>

						<control type="button" id="311" description="Browse for Thumb">
							<width>760</width>
							
							<label>Change Icon</label>
							<label2>$INFO[Container(211).ListItem.Icon]</label2>
						</control>	
						<control type="button" id="301">
							<width>760</width>
							<label>$ADDON[script.skinshortcuts 32000]</label>
							<ondown>302</ondown>
						</control>
						<control type="button" id="302">
							<width>760</width>
							<label>Delete</label>
							<onup>301</onup>
						</control>						
					</control>
					
				</control>
				
				<!--bottom buttons-->
				
			</control>
			
		</control>
		
	</controls>
	
</window>
