<?xml version='1.0' encoding='UTF-8'?>
<includes>
	<include name="skinshortcuts-mainmenu">
		<item id="1">
			<property name="id">$NUMBER[1]</property>
			<label>[COLOR blue]G[/COLOR]ENRE[COLOR blue]S[/COLOR]</label>
			<label2>Video Add-On</label2>
			<icon>special://skin/extras/icons/addtile.png</icon>
			<thumb>image://C%3a%5cUsers%5cozkan%5cAppData%5cRoaming%5cKodi%5caddons%5cscript.flixnet.artwork%5cresources%5cmedia%5cexuary%5cgenres.png/</thumb>
			<property name="labelID">colorblue-g-color-enre-colorblue-s-color</property>
			<property name="defaultID" />
			<property name="translatedPath">ActivateWindow(Videos,"plugin://plugin.video.flixnet/?action=movieGenres",return)</property>
			<property name="widget">Addon</property>
			<property name="widgetName">Flixnet - Genres</property>
			<property name="widgetType">videos</property>
			<property name="widgetTarget">videos</property>
			<property name="widgetPath">plugin://plugin.video.flixnet/?action=movieGenres&amp;reload=$INFO[Window(Home).Property(widgetreload)]</property>
			<onclick>ActivateWindow(Videos,"plugin://plugin.video.flixnet/?action=movieGenres",return)</onclick>
			<property name="path">ActivateWindow(Videos,"plugin://plugin.video.flixnet/?action=movieGenres",return)</property>
			<property name="list">plugin://plugin.video.flixnet/?action=movieGenres</property>
			<visible>String.IsEqual(System.ProfileName,Master user)</visible>
			<property name="submenuVisibility">colorblue-g-color-enre-colorblue-s-color</property>
			<property name="group">mainmenu</property>
			<property name="hasSubmenu">True</property>
		</item>
		<item id="2">
			<property name="id">$NUMBER[2]</property>
			<label>[COLOR red]E[/COLOR]XODU[COLOR red]S[/COLOR]</label>
			<label2>Video Add-On</label2>
			<icon>special://skin/extras/icons/addtile.png</icon>
			<thumb>image://C%3a%5cUsers%5cozkan%5cAppData%5cRoaming%5cKodi%5caddons%5cplugin.video.exodus%5cicon.png/</thumb>
			<property name="labelID">plugin.video.exodus</property>
			<property name="defaultID">plugin.video.exodus</property>
			<property name="translatedPath">ActivateWindow(Videos,"plugin://plugin.video.exodus",return)</property>
			<property name="widget">Addon</property>
			<property name="widgetName">Exodus - Am populärsten</property>
			<property name="widgetType">movies</property>
			<property name="widgetTarget">videos</property>
			<property name="widgetPath">plugin://plugin.video.exodus/?action=movies&amp;url=popular&amp;reload=$INFO[Window(Home).Property(widgetreload)]</property>
			<onclick>ActivateWindow(Videos,"plugin://plugin.video.exodus",return)</onclick>
			<property name="path">ActivateWindow(Videos,"plugin://plugin.video.exodus",return)</property>
			<property name="list">plugin://plugin.video.exodus</property>
			<visible>String.IsEqual(System.ProfileName,Master user)</visible>
			<property name="submenuVisibility">plugin-video-exodus</property>
			<property name="group">mainmenu</property>
			<property name="hasSubmenu">False</property>
		</item>
		<item id="3">
			<property name="id">$NUMBER[3]</property>
			<label>[COLOR lime]X[/COLOR]STREA[COLOR lime]M[/COLOR]</label>
			<label2>Video Add-On</label2>
			<icon>special://skin/extras/icons/addtile.png</icon>
			<thumb>image://C%3a%5cUsers%5cozkan%5cAppData%5cRoaming%5cKodi%5caddons%5cplugin.video.xstream%5cicon.png/</thumb>
			<property name="labelID">plugin.video.xstream</property>
			<property name="defaultID">plugin.video.xstream</property>
			<property name="translatedPath">ActivateWindow(Videos,"plugin://plugin.video.xstream",return)</property>
			<property name="widget">Addon</property>
			<property name="widgetName">xStream - Neue Filme</property>
			<property name="widgetType">videos</property>
			<property name="widgetTarget">videos</property>
			<property name="widgetPath">plugin://plugin.video.xstream/?site=filmpalast_to&amp;function=showEntries&amp;title=Neue+Filme&amp;sUrl=http%3A%2F%2Ffilmpalast.to%2Fmovies%2Fnew%2F&amp;reload=$INFO[Window(Home).Property(widgetreload)]</property>
			<onclick>ActivateWindow(Videos,"plugin://plugin.video.xstream",return)</onclick>
			<property name="path">ActivateWindow(Videos,"plugin://plugin.video.xstream",return)</property>
			<property name="list">plugin://plugin.video.xstream</property>
			<visible>String.IsEqual(System.ProfileName,Master user)</visible>
			<property name="submenuVisibility">plugin-video-xstream</property>
			<property name="group">mainmenu</property>
			<property name="hasSubmenu">False</property>
		</item>
		<item id="4">
			<property name="id">$NUMBER[4]</property>
			<label>[COLOR yellow]L[/COLOR]ASTSHI[COLOR yellow]P[/COLOR]</label>
			<label2>Video Add-On</label2>
			<icon>special://skin/extras/icons/addtile.png</icon>
			<thumb>image://C%3a%5cUsers%5cozkan%5cAppData%5cRoaming%5cKodi%5caddons%5cplugin.video.lastship%5cicon.png/</thumb>
			<property name="labelID">plugin.video.lastship</property>
			<property name="defaultID">plugin.video.lastship</property>
			<property name="translatedPath">ActivateWindow(Videos,"plugin://plugin.video.lastship",return)</property>
			<property name="widget">Addon</property>
			<property name="widgetName">Lastship - Horror</property>
			<property name="widgetType">movies</property>
			<property name="widgetTarget">videos</property>
			<property name="widgetPath">plugin://plugin.video.lastship/?action=movies&amp;url=http%3A%2F%2Fwww.imdb.com%2Fsearch%2Ftitle%3Ftitle_type%3Dfeature%2Ctv_movie%2Cdocumentary%26num_votes%3D100%2C%26release_date%3D%2Cdate%5B0%5D%26genres%3Dhorror%26sort%3Dmoviemeter%2Casc%26count%3D40%26start%3D1&amp;reload=$INFO[Window(Home).Property(widgetreload)]</property>
			<onclick>ActivateWindow(Videos,"plugin://plugin.video.lastship",return)</onclick>
			<property name="path">ActivateWindow(Videos,"plugin://plugin.video.lastship",return)</property>
			<property name="list">plugin://plugin.video.lastship</property>
			<visible>String.IsEqual(System.ProfileName,Master user)</visible>
			<property name="submenuVisibility">plugin-video-lastship</property>
			<property name="group">mainmenu</property>
			<property name="hasSubmenu">False</property>
		</item>
		<item id="5">
			<property name="id">$NUMBER[5]</property>
			<label>[COLOR blue]C[/COLOR]OVENAN[COLOR blue]T[/COLOR]</label>
			<label2>Video Add-On</label2>
			<icon>special://skin/extras/icons/addtile.png</icon>
			<thumb>image://C%3a%5cUsers%5cozkan%5cAppData%5cRoaming%5cKodi%5caddons%5cplugin.video.covenant%5cicon.png/</thumb>
			<property name="labelID">plugin.video.covenant</property>
			<property name="defaultID">plugin.video.covenant</property>
			<property name="translatedPath">ActivateWindow(Videos,"plugin://plugin.video.covenant",return)</property>
			<property name="widget">Addon</property>
			<property name="widgetName">Covenant - Sport</property>
			<property name="widgetType">movies</property>
			<property name="widgetTarget">videos</property>
			<property name="widgetPath">plugin://plugin.video.covenant/?action=movies&amp;url=http%3A%2F%2Fwww.imdb.com%2Fsearch%2Ftitle%3Ftitle_type%3Dfeature%2Ctv_movie%2Cdocumentary%26num_votes%3D100%2C%26release_date%3D%2Cdate%5B0%5D%26genres%3Dsport%26sort%3Dmoviemeter%2Casc%26count%3D40%26start%3D1&amp;reload=$INFO[Window(Home).Property(widgetreload)]</property>
			<onclick>ActivateWindow(Videos,"plugin://plugin.video.covenant",return)</onclick>
			<property name="path">ActivateWindow(Videos,"plugin://plugin.video.covenant",return)</property>
			<property name="list">plugin://plugin.video.covenant</property>
			<visible>String.IsEqual(System.ProfileName,Master user)</visible>
			<property name="submenuVisibility">plugin-video-covenant</property>
			<property name="group">mainmenu</property>
			<property name="hasSubmenu">False</property>
		</item>
		<item id="6">
			<property name="id">$NUMBER[6]</property>
			<label>[COLOR red]F[/COLOR]LIXNE[COLOR red]T[/COLOR]</label>
			<label2>Video Add-On</label2>
			<icon>special://skin/extras/icons/addtile.png</icon>
			<thumb>image://C%3a%5cUsers%5cozkan%5cAppData%5cRoaming%5cKodi%5caddons%5cplugin.video.flixnet%5cicon.png/</thumb>
			<property name="labelID">plugin.video.flixnet</property>
			<property name="defaultID">plugin.video.flixnet</property>
			<property name="translatedPath">ActivateWindow(Videos,"plugin://plugin.video.flixnet",return)</property>
			<property name="widget">Addon</property>
			<property name="widgetName">Flixnet - Neue Filme</property>
			<property name="widgetType">movies</property>
			<property name="widgetTarget">videos</property>
			<property name="widgetPath">plugin://plugin.video.flixnet/?action=movies&amp;url=featured&amp;reload=$INFO[Window(Home).Property(widgetreload)]</property>
			<onclick>ActivateWindow(Videos,"plugin://plugin.video.flixnet",return)</onclick>
			<property name="path">ActivateWindow(Videos,"plugin://plugin.video.flixnet",return)</property>
			<property name="list">plugin://plugin.video.flixnet</property>
			<visible>String.IsEqual(System.ProfileName,Master user)</visible>
			<property name="submenuVisibility">plugin-video-flixnet</property>
			<property name="group">mainmenu</property>
			<property name="hasSubmenu">False</property>
		</item>
		<item id="7">
			<property name="id">$NUMBER[7]</property>
			<label>[COLOR yellow]S[/COLOR]ERIEN[COLOR yellow]1[/COLOR]</label>
			<label2>Video Add-On</label2>
			<icon>special://skin/extras/icons/addtile.png</icon>
			<thumb>image://C%3a%5cUsers%5cozkan%5cAppData%5cRoaming%5cKodi%5caddons%5cscript.exodus.artwork%5cresources%5cmedia%5cexodus%5ctvshows.png/</thumb>
			<property name="labelID">coloryellow-s-color-erien-coloryellow-1-color</property>
			<property name="defaultID" />
			<property name="translatedPath">ActivateWindow(Videos,"plugin://plugin.video.exodus/?action=tvNavigator",return)</property>
			<property name="widget">Addon</property>
			<property name="widgetName">Lastship - Am populärsten</property>
			<property name="widgetType">videos</property>
			<property name="widgetTarget">videos</property>
			<property name="widgetPath">plugin://plugin.video.lastship/?action=tvshows&amp;url=popular&amp;reload=$INFO[Window(Home).Property(widgetreload)]</property>
			<onclick>ActivateWindow(Videos,"plugin://plugin.video.exodus/?action=tvNavigator",return)</onclick>
			<property name="path">ActivateWindow(Videos,"plugin://plugin.video.exodus/?action=tvNavigator",return)</property>
			<property name="list">plugin://plugin.video.exodus/?action=tvNavigator</property>
			<visible>String.IsEqual(System.ProfileName,Master user)</visible>
			<property name="submenuVisibility">coloryellow-s-color-erien-coloryellow-1-color</property>
			<property name="group">mainmenu</property>
			<property name="hasSubmenu">False</property>
		</item>
		<item id="8">
			<property name="id">$NUMBER[8]</property>
			<label>[COLOR violet]S[/COLOR]ERIEN[COLOR violet]2[/COLOR]</label>
			<label2>Video Add-On</label2>
			<icon>special://skin/extras/icons/addtile.png</icon>
			<thumb>image://C%3a%5cUsers%5cozkan%5cAppData%5cRoaming%5cKodi%5caddons%5cscript.exodus.artwork%5cresources%5cmedia%5cexodus%5ctvshows.png/</thumb>
			<property name="labelID">colorviolet-s-color-erien-colorviolet-2-color</property>
			<property name="defaultID" />
			<property name="translatedPath">ActivateWindow(Videos,"plugin://plugin.video.exodus/?action=tvNavigator",return)</property>
			<property name="widget">Addon</property>
			<property name="widgetName">Lastship - German</property>
			<property name="widgetType">videos</property>
			<property name="widgetTarget">videos</property>
			<property name="widgetPath">plugin://plugin.video.lastship/?action=tvshows&amp;url=http%3A%2F%2Fwww.imdb.com%2Fsearch%2Ftitle%3Ftitle_type%3Dtv_series%2Cmini_series%26num_votes%3D100%2C%26production_status%3Dreleased%26primary_language%3Dde%26sort%3Dmoviemeter%2Casc%26count%3D40%26start%3D1&amp;reload=$INFO[Window(Home).Property(widgetreload)]</property>
			<onclick>ActivateWindow(Videos,"plugin://plugin.video.exodus/?action=tvNavigator",return)</onclick>
			<property name="path">ActivateWindow(Videos,"plugin://plugin.video.exodus/?action=tvNavigator",return)</property>
			<property name="list">plugin://plugin.video.exodus/?action=tvNavigator</property>
			<visible>String.IsEqual(System.ProfileName,Master user)</visible>
			<property name="submenuVisibility">colorviolet-s-color-erien-colorviolet-2-color</property>
			<property name="group">mainmenu</property>
			<property name="hasSubmenu">False</property>
		</item>
		<item id="9">
			<property name="id">$NUMBER[9]</property>
			<label>[COLOR lime]L[/COLOR]IVE-T[COLOR lime]V[/COLOR]</label>
			<label2>Allgemeiner Menü Eintrag</label2>
			<icon>special://skin/extras/icons/livetv.png</icon>
			<thumb />
			<property name="labelID">colorlime-l-color-ive-t-colorlime-v-color</property>
			<property name="defaultID">livetv</property>
			<property name="translatedPath">ActivateWindow(TVGuide)</property>
			<property name="widget">extendedinfo</property>
			<property name="widgetName">Eurogamer</property>
			<property name="widgetType">episodes</property>
			<property name="widgetTarget">videos</property>
			<property name="widgetPath">plugin://script.extendedinfo?info=youtubeusersearch&amp;&amp;id=Eurogamer</property>
			<visible>System.HasPVRAddon</visible>
			<onclick>ActivateWindow(TVGuide)</onclick>
			<property name="path">ActivateWindow(TVGuide)</property>
			<property name="list">TVGuide</property>
			<visible>String.IsEqual(System.ProfileName,Master user)</visible>
			<property name="submenuVisibility">colorlime-l-color-ive-t-colorlime-v-color</property>
			<property name="group">mainmenu</property>
			<property name="hasSubmenu">True</property>
		</item>
		<item id="10">
			<property name="id">$NUMBER[10]</property>
			<label>[COLOR blue]T[/COLOR]HEK[COLOR blue]E[/COLOR]</label>
			<label2>Benutzerdefinierte Einträge</label2>
			<icon>special://skin/extras/icons/addtile.png</icon>
			<thumb>image://C%3a%5cUsers%5cozkan%5cAppData%5cRoaming%5cKodi%5caddons%5cplugin.video.mediathek%5cicon.png/</thumb>
			<property name="labelID">plugin.video.rtlnow</property>
			<property name="defaultID">plugin.video.mediathek</property>
			<property name="translatedPath">ActivateWindow(Videos,"plugin://plugin.video.mediathek",return)</property>
			<property name="widget">Addon</property>
			<property name="widgetName">TV Now (DEV) - Nach Sendern</property>
			<property name="widgetType">videos</property>
			<property name="widgetTarget">videos</property>
			<property name="widgetPath">plugin://plugin.video.rtlnow/?url=&amp;mode=sendermenu&amp;nummer=0&amp;reload=$INFO[Window(Home).Property(widgetreload)]</property>
			<onclick>ActivateWindow(Videos,"plugin://plugin.video.rtlnow",return)</onclick>
			<property name="path">ActivateWindow(Videos,"plugin://plugin.video.rtlnow",return)</property>
			<property name="list">plugin://plugin.video.rtlnow</property>
			<visible>String.IsEqual(System.ProfileName,Master user)</visible>
			<property name="submenuVisibility">plugin-video-rtlnow</property>
			<property name="group">mainmenu</property>
			<property name="hasSubmenu">False</property>
		</item>
		<item id="11">
			<property name="id">$NUMBER[11]</property>
			<label>[COLOR red]K[/COLOR][COLOR green]I[/COLOR][COLOR yellow]D[/COLOR][COLOR blue]Z[/COLOR]</label>
			<label2>Benutzerdefinierte Einträge</label2>
			<icon>special://skin/extras/icons/addtile.png</icon>
			<thumb>image://C%3a%5cUsers%5cozkan%5cAppData%5cRoaming%5cKodi%5caddons%5cplugin.video.kika_de%5cicon.png/</thumb>
			<property name="labelID">plugin.video.KidsTube</property>
			<property name="defaultID">plugin.video.kika_de</property>
			<property name="translatedPath">ActivateWindow(Videos,"plugin://plugin.video.kika_de",return)</property>
			<property name="widget">Addon</property>
			<property name="widgetName">[COLOR yellow]Kids[/COLOR][COLOR red]Tube[/COLOR]</property>
			<property name="widgetType">videos</property>
			<property name="widgetTarget">videos</property>
			<property name="widgetPath">plugin://plugin.video.KidsTube?reload=$INFO[Window(Home).Property(widgetreload)]</property>
			<onclick>ActivateWindow(Videos,"plugin://plugin.video.KidsTube",return)</onclick>
			<property name="path">ActivateWindow(Videos,"plugin://plugin.video.KidsTube",return)</property>
			<property name="list">plugin://plugin.video.KidsTube</property>
			<visible>String.IsEqual(System.ProfileName,Master user)</visible>
			<property name="submenuVisibility">plugin-video-kidstube</property>
			<property name="group">mainmenu</property>
			<property name="hasSubmenu">False</property>
		</item>
		<item id="12">
			<property name="id">$NUMBER[12]</property>
			<label>[COLOR red]M[/COLOR]USI[COLOR red]K[/COLOR]</label>
			<label2>item</label2>
			<icon>special://skin/extras/icons/songs.png</icon>
			<thumb />
			<property name="labelID">colorred-m-color-usi-colorred-k-color</property>
			<property name="defaultID">1038</property>
			<property name="translatedPath">ActivateWindow(music,addons://sources/audio/,return)</property>
			<property name="widget">Library</property>
			<property name="widgetName">Musik-Addons</property>
			<property name="widgetType">audio</property>
			<property name="widgetTarget">music</property>
			<property name="widgetPath">addons://sources/audio/</property>
			<onclick>ActivateWindow(music,addons://sources/audio/,return)</onclick>
			<property name="path">ActivateWindow(music,addons://sources/audio/,return)</property>
			<property name="list">addons://sources/audio/</property>
			<visible>String.IsEqual(System.ProfileName,Master user)</visible>
			<property name="submenuVisibility">colorred-m-color-usi-colorred-k-color</property>
			<property name="group">mainmenu</property>
			<property name="hasSubmenu">False</property>
		</item>
		<item id="13">
			<property name="id">$NUMBER[13]</property>
			<label>[COLOR gold]A[/COLOR]DDON[COLOR gold]S[/COLOR]</label>
			<label2>Einstellungen</label2>
			<icon>special://skin/extras/icons/addons.png</icon>
			<thumb />
			<property name="labelID">colorgold-a-color-ddon-colorgold-s-color</property>
			<property name="defaultID">24001</property>
			<property name="translatedPath">ActivateWindow(AddonBrowser)</property>
			<onclick>ActivateWindow(AddonBrowser)</onclick>
			<property name="path">ActivateWindow(AddonBrowser)</property>
			<property name="list">AddonBrowser</property>
			<visible>String.IsEqual(System.ProfileName,Master user)</visible>
			<property name="submenuVisibility">colorgold-a-color-ddon-colorgold-s-color</property>
			<property name="group">mainmenu</property>
			<property name="hasSubmenu">True</property>
		</item>
		<item id="14">
			<property name="id">$NUMBER[14]</property>
			<label>[COLOR green]E[/COLOR]INSTEL[COLOR green]L[/COLOR]</label>
			<label2>Common menu item</label2>
			<icon>special://skin/extras/icons/settings.png</icon>
			<thumb />
			<property name="labelID">colorgreen-e-color-instel-colorgreen-l-color</property>
			<property name="defaultID">settings</property>
			<onclick>ActivateWindow(Settings)</onclick>
			<property name="path">ActivateWindow(Settings)</property>
			<property name="list">Settings</property>
			<visible>String.IsEqual(System.ProfileName,Master user)</visible>
			<property name="submenuVisibility">colorgreen-e-color-instel-colorgreen-l-color</property>
			<property name="group">mainmenu</property>
			<property name="hasSubmenu">True</property>
		</item>
		<item id="15">
			<property name="id">$NUMBER[15]</property>
			<label>[COLOR violet]A[/COLOR]DUL[COLOR violet]T[/COLOR]</label>
			<label2>Video Add-On</label2>
			<icon>special://skin/extras/icons/addtile.png</icon>
			<thumb>image://C%3a%5cUsers%5cozkan%5cAppData%5cRoaming%5cKodi%5caddons%5cplugin.video.adulthideout%5cicon.png/</thumb>
			<property name="labelID">plugin.video.adulthideout</property>
			<property name="defaultID">plugin.video.adulthideout</property>
			<property name="translatedPath">ActivateWindow(Videos,"plugin://plugin.video.adulthideout",return)</property>
			<property name="widget">Addon</property>
			<property name="widgetName">AdultHideout</property>
			<property name="widgetType">videos</property>
			<property name="widgetTarget">videos</property>
			<property name="widgetPath">plugin://plugin.video.adulthideout?reload=$INFO[Window(Home).Property(widgetreload)]</property>
			<onclick>ActivateWindow(Videos,"plugin://plugin.video.adulthideout",return)</onclick>
			<property name="path">ActivateWindow(Videos,"plugin://plugin.video.adulthideout",return)</property>
			<property name="list">plugin://plugin.video.adulthideout</property>
			<visible>String.IsEqual(System.ProfileName,Master user)</visible>
			<property name="submenuVisibility">plugin-video-adulthideout</property>
			<property name="group">mainmenu</property>
			<property name="hasSubmenu">True</property>
		</item>
	</include>
	<include />
	<include name="skinshortcuts-submenu">
		<item id="1">
			<property name="id">$NUMBER[1]</property>
			<property name="mainmenuid">1</property>
			<label>[COLOR blue]F[/COLOR]LIXNE[COLOR blue]T[/COLOR]</label>
			<label2>Video Add-On</label2>
			<icon>special://skin/extras/icons/addtile.png</icon>
			<thumb>image://C%3a%5cUsers%5cozkan%5cAppData%5cRoaming%5cKodi%5caddons%5cplugin.video.flixnet%5cicon.png/</thumb>
			<property name="labelID">plugin.video.flixnet</property>
			<property name="defaultID">plugin.video.flixnet</property>
			<property name="translatedPath">ActivateWindow(Videos,"plugin://plugin.video.flixnet",return)</property>
			<onclick>ActivateWindow(Videos,"plugin://plugin.video.flixnet",return)</onclick>
			<property name="path">ActivateWindow(Videos,"plugin://plugin.video.flixnet",return)</property>
			<property name="list">plugin://plugin.video.flixnet</property>
			<visible>[String.IsEqual(System.ProfileName,Master user)] + String.IsEqual(Container(9000).ListItem.Property(submenuVisibility),colorblue-g-color-enre-colorblue-s-color)</visible>
			<property name="group">colorblue-g-color-enre-colorblue-s-color</property>
			<property name="isSubmenu">True</property>
		</item>
		<item id="1">
			<property name="id">$NUMBER[1]</property>
			<property name="mainmenuid">9</property>
			<label>$LOCALIZE[22020]</label>
			<label2>$ADDON[script.skinshortcuts 32017]</label2>
			<icon>special://skin/extras/icons/tv.png</icon>
			<thumb />
			<property name="labelID">22020</property>
			<property name="defaultID">22020</property>
			<visible>[System.HasPVRAddon] + String.IsEqual(Container(9000).ListItem.Property(submenuVisibility),colorlime-l-color-ive-t-colorlime-v-color)</visible>
			<onclick>ActivateWindow(TVGuide)</onclick>
			<property name="path">ActivateWindow(TVGuide)</property>
			<property name="list">TVGuide</property>
			<visible>String.IsEqual(System.ProfileName,Master user)</visible>
			<property name="group">colorlime-l-color-ive-t-colorlime-v-color</property>
			<property name="isSubmenu">True</property>
		</item>
		<item id="2">
			<property name="id">$NUMBER[2]</property>
			<property name="mainmenuid">9</property>
			<label>$LOCALIZE[19163]</label>
			<label2>$ADDON[script.skinshortcuts 32017]</label2>
			<icon>special://skin/extras/icons/tv.png</icon>
			<thumb />
			<property name="labelID">19163</property>
			<property name="defaultID">19163</property>
			<visible>[System.HasPVRAddon] + String.IsEqual(Container(9000).ListItem.Property(submenuVisibility),colorlime-l-color-ive-t-colorlime-v-color)</visible>
			<onclick>ActivateWindow(TVRecordings)</onclick>
			<property name="path">ActivateWindow(TVRecordings)</property>
			<property name="list">TVRecordings</property>
			<visible>String.IsEqual(System.ProfileName,Master user)</visible>
			<property name="group">colorlime-l-color-ive-t-colorlime-v-color</property>
			<property name="isSubmenu">True</property>
		</item>
		<item id="3">
			<property name="id">$NUMBER[3]</property>
			<property name="mainmenuid">9</property>
			<label>$LOCALIZE[19040]</label>
			<label2>$ADDON[script.skinshortcuts 32017]</label2>
			<icon>special://skin/extras/icons/tv.png</icon>
			<thumb />
			<property name="labelID">19040</property>
			<property name="defaultID">19040</property>
			<visible>[System.HasPVRAddon] + String.IsEqual(Container(9000).ListItem.Property(submenuVisibility),colorlime-l-color-ive-t-colorlime-v-color)</visible>
			<onclick>ActivateWindow(TVTimers)</onclick>
			<property name="path">ActivateWindow(TVTimers)</property>
			<property name="list">TVTimers</property>
			<visible>String.IsEqual(System.ProfileName,Master user)</visible>
			<property name="group">colorlime-l-color-ive-t-colorlime-v-color</property>
			<property name="isSubmenu">True</property>
		</item>
		<item id="4">
			<property name="id">$NUMBER[4]</property>
			<property name="mainmenuid">9</property>
			<label>$LOCALIZE[137]</label>
			<label2>$ADDON[script.skinshortcuts 32017]</label2>
			<icon>special://skin/extras/icons/tv.png</icon>
			<thumb />
			<property name="labelID">137</property>
			<property name="defaultID">137</property>
			<visible>[System.HasPVRAddon] + String.IsEqual(Container(9000).ListItem.Property(submenuVisibility),colorlime-l-color-ive-t-colorlime-v-color)</visible>
			<onclick>ActivateWindow(TVSearch)</onclick>
			<property name="path">ActivateWindow(TVSearch)</property>
			<property name="list">TVSearch</property>
			<visible>String.IsEqual(System.ProfileName,Master user)</visible>
			<property name="group">colorlime-l-color-ive-t-colorlime-v-color</property>
			<property name="isSubmenu">True</property>
		</item>
		<item id="1">
			<property name="id">$NUMBER[1]</property>
			<property name="mainmenuid">13</property>
			<label>[COLOR gold]P[/COLOR]ROGRA[COLOR gold]M[/COLOR]</label>
			<label2>Allgemeiner Menü Eintrag</label2>
			<icon>special://skin/extras/icons/addons.png</icon>
			<thumb />
			<property name="labelID">colorgold-p-color-rogra-colorgold-m-color</property>
			<property name="defaultID">programs</property>
			<property name="translatedPath">ActivateWindow(Programs,Addons,return)</property>
			<onclick>ActivateWindow(Programs,Addons,return)</onclick>
			<property name="path">ActivateWindow(Programs,Addons,return)</property>
			<property name="list">Addons</property>
			<visible>[String.IsEqual(System.ProfileName,Master user)] + String.IsEqual(Container(9000).ListItem.Property(submenuVisibility),colorgold-a-color-ddon-colorgold-s-color)</visible>
			<property name="group">colorgold-a-color-ddon-colorgold-s-color</property>
			<property name="isSubmenu">True</property>
		</item>
		<item id="2">
			<property name="id">$NUMBER[2]</property>
			<property name="mainmenuid">13</property>
			<label>[COLOR gold]B[/COLOR]ILDE[COLOR gold]R[/COLOR]</label>
			<label2>Allgemeiner Menü Eintrag</label2>
			<icon>special://skin/extras/icons/pictures.png</icon>
			<thumb />
			<property name="labelID">colorgold-b-color-ilde-colorgold-r-color</property>
			<property name="defaultID">pictures</property>
			<property name="translatedPath">ActivateWindow(Pictures)</property>
			<onclick>ActivateWindow(Pictures)</onclick>
			<property name="path">ActivateWindow(Pictures)</property>
			<property name="list">Pictures</property>
			<visible>[String.IsEqual(System.ProfileName,Master user)] + String.IsEqual(Container(9000).ListItem.Property(submenuVisibility),colorgold-a-color-ddon-colorgold-s-color)</visible>
			<property name="group">colorgold-a-color-ddon-colorgold-s-color</property>
			<property name="isSubmenu">True</property>
		</item>
		<item id="3">
			<property name="id">$NUMBER[3]</property>
			<property name="mainmenuid">13</property>
			<label>[COLOR gold]M[/COLOR]USI[COLOR gold]K[/COLOR]</label>
			<label2>Allgemeiner Menü Eintrag</label2>
			<icon>special://skin/extras/icons/songs.png</icon>
			<thumb />
			<property name="labelID">colorgold-m-color-usi-colorgold-k-color</property>
			<property name="defaultID">music</property>
			<property name="translatedPath">ActivateWindow(Music)</property>
			<onclick>ActivateWindow(Music)</onclick>
			<property name="path">ActivateWindow(Music)</property>
			<property name="list">Music</property>
			<visible>[String.IsEqual(System.ProfileName,Master user)] + String.IsEqual(Container(9000).ListItem.Property(submenuVisibility),colorgold-a-color-ddon-colorgold-s-color)</visible>
			<property name="group">colorgold-a-color-ddon-colorgold-s-color</property>
			<property name="isSubmenu">True</property>
		</item>
		<item id="4">
			<property name="id">$NUMBER[4]</property>
			<property name="mainmenuid">13</property>
			<label>[COLOR gold]F[/COLOR]ILM[COLOR gold]E[/COLOR]</label>
			<label2>Allgemeiner Menü Eintrag</label2>
			<icon>special://skin/extras/icons/film.png</icon>
			<thumb />
			<property name="labelID">colorgold-f-color-ilm-colorgold-e-color</property>
			<property name="defaultID">movies</property>
			<property name="translatedPath">ActivateWindow(Videos,videodb://movies/titles/,return)</property>
			<visible>[Library.HasContent(Movies)] + String.IsEqual(Container(9000).ListItem.Property(submenuVisibility),colorgold-a-color-ddon-colorgold-s-color)</visible>
			<onclick>ActivateWindow(Videos,videodb://movies/titles/,return)</onclick>
			<property name="path">ActivateWindow(Videos,videodb://movies/titles/,return)</property>
			<property name="list">videodb://movies/titles/</property>
			<visible>String.IsEqual(System.ProfileName,Master user)</visible>
			<property name="group">colorgold-a-color-ddon-colorgold-s-color</property>
			<property name="isSubmenu">True</property>
		</item>
		<item id="1">
			<property name="id">$NUMBER[1]</property>
			<property name="mainmenuid">14</property>
			<label>[COLOR green]D[/COLOR]ATEIMANAGE[COLOR green]R[/COLOR]</label>
			<label2>Allgemeiner Menü Eintrag</label2>
			<icon>special://skin/extras/icons/files.png</icon>
			<thumb />
			<property name="labelID">colorgreen-d-color-ateimanage-colorgreen-r-color</property>
			<property name="defaultID">7</property>
			<onclick>ActivateWindow(FileManager)</onclick>
			<property name="path">ActivateWindow(FileManager)</property>
			<property name="list">FileManager</property>
			<visible>[String.IsEqual(System.ProfileName,Master user)] + String.IsEqual(Container(9000).ListItem.Property(submenuVisibility),colorgreen-e-color-instel-colorgreen-l-color)</visible>
			<property name="group">colorgreen-e-color-instel-colorgreen-l-color</property>
			<property name="isSubmenu">True</property>
		</item>
		<item id="2">
			<property name="id">$NUMBER[2]</property>
			<property name="mainmenuid">14</property>
			<label>[COLOR green]P[/COLOR]ROFIL[COLOR green]E[/COLOR]</label>
			<label2>Allgemeiner Menü Eintrag</label2>
			<icon>special://skin/extras/icons/actor.png</icon>
			<thumb />
			<property name="labelID">colorgreen-p-color-rofil-colorgreen-e-color</property>
			<property name="defaultID">13200</property>
			<onclick>ActivateWindow(Profiles)</onclick>
			<property name="path">ActivateWindow(Profiles)</property>
			<property name="list">Profiles</property>
			<visible>[String.IsEqual(System.ProfileName,Master user)] + String.IsEqual(Container(9000).ListItem.Property(submenuVisibility),colorgreen-e-color-instel-colorgreen-l-color)</visible>
			<property name="group">colorgreen-e-color-instel-colorgreen-l-color</property>
			<property name="isSubmenu">True</property>
		</item>
		<item id="3">
			<property name="id">$NUMBER[3]</property>
			<property name="mainmenuid">14</property>
			<label>[COLOR green]S[/COLOR]YSTEMINFORMATIO[COLOR green]N[/COLOR]</label>
			<label2>Allgemeiner Menü Eintrag</label2>
			<icon>special://skin/extras/icons/sysinfo.png</icon>
			<thumb />
			<property name="labelID">colorgreen-s-color-ysteminformatio-colorgreen-n-color</property>
			<property name="defaultID">10007</property>
			<onclick>ActivateWindow(SystemInfo)</onclick>
			<property name="path">ActivateWindow(SystemInfo)</property>
			<property name="list">SystemInfo</property>
			<visible>[String.IsEqual(System.ProfileName,Master user)] + String.IsEqual(Container(9000).ListItem.Property(submenuVisibility),colorgreen-e-color-instel-colorgreen-l-color)</visible>
			<property name="group">colorgreen-e-color-instel-colorgreen-l-color</property>
			<property name="isSubmenu">True</property>
		</item>
		<item id="4">
			<property name="id">$NUMBER[4]</property>
			<property name="mainmenuid">14</property>
			<label>[COLOR green]E[/COLOR]REIGNISS[COLOR green]E[/COLOR]</label>
			<label2>Allgemeiner Menü Eintrag</label2>
			<icon>special://skin/extras/icons/actor.png</icon>
			<thumb />
			<property name="labelID">colorgreen-e-color-reigniss-colorgreen-e-color</property>
			<property name="defaultID">14111</property>
			<visible>[system.getbool(eventlog.enabled)] + String.IsEqual(Container(9000).ListItem.Property(submenuVisibility),colorgreen-e-color-instel-colorgreen-l-color)</visible>
			<onclick>ActivateWindow(EventLog,events://,return)</onclick>
			<property name="path">ActivateWindow(EventLog,events://,return)</property>
			<property name="list">events://</property>
			<visible>String.IsEqual(System.ProfileName,Master user)</visible>
			<property name="group">colorgreen-e-color-instel-colorgreen-l-color</property>
			<property name="isSubmenu">True</property>
		</item>
		<item id="1">
			<property name="id">$NUMBER[1]</property>
			<property name="mainmenuid">15</property>
			<label>[COLOR violet]X[/COLOR]XX-O-DU[COLOR violet]S[/COLOR]</label>
			<label2>Video Add-On</label2>
			<icon>special://skin/extras/icons/addtile.png</icon>
			<thumb>image://C%3a%5cUsers%5cozkan%5cAppData%5cRoaming%5cKodi%5caddons%5cplugin.video.xxx-o-dus%5cicon.png/</thumb>
			<property name="labelID">plugin.video.xxx-o-dus</property>
			<property name="defaultID">plugin.video.xxx-o-dus</property>
			<property name="translatedPath">ActivateWindow(Videos,"plugin://plugin.video.xxx-o-dus",return)</property>
			<onclick>ActivateWindow(Videos,"plugin://plugin.video.xxx-o-dus",return)</onclick>
			<property name="path">ActivateWindow(Videos,"plugin://plugin.video.xxx-o-dus",return)</property>
			<property name="list">plugin://plugin.video.xxx-o-dus</property>
			<visible>[String.IsEqual(System.ProfileName,Master user)] + String.IsEqual(Container(9000).ListItem.Property(submenuVisibility),plugin-video-adulthideout)</visible>
			<property name="group">plugin.video.adulthideout</property>
			<property name="isSubmenu">True</property>
		</item>
	</include>
	<include name="skinshortcuts-group-colorblue-g-color-enre-colorblue-s-color">
		<item id="1">
			<property name="id">$NUMBER[1]</property>
			<property name="mainmenuid">1</property>
			<label>[COLOR blue]F[/COLOR]LIXNE[COLOR blue]T[/COLOR]</label>
			<label2>Video Add-On</label2>
			<icon>special://skin/extras/icons/addtile.png</icon>
			<thumb>image://C%3a%5cUsers%5cozkan%5cAppData%5cRoaming%5cKodi%5caddons%5cplugin.video.flixnet%5cicon.png/</thumb>
			<property name="labelID">plugin.video.flixnet</property>
			<property name="defaultID">plugin.video.flixnet</property>
			<property name="translatedPath">ActivateWindow(Videos,"plugin://plugin.video.flixnet",return)</property>
			<onclick>ActivateWindow(Videos,"plugin://plugin.video.flixnet",return)</onclick>
			<property name="path">ActivateWindow(Videos,"plugin://plugin.video.flixnet",return)</property>
			<property name="list">plugin://plugin.video.flixnet</property>
			<visible>String.IsEqual(System.ProfileName,Master user)</visible>
			<property name="group">colorblue-g-color-enre-colorblue-s-color</property>
			<property name="isSubmenu">True</property>
		</item>
	</include>
	<include name="skinshortcuts-group-alt-colorblue-g-color-enre-colorblue-s-color">
		<item id="1">
			<property name="id">$NUMBER[1]</property>
			<property name="mainmenuid">1</property>
			<label>[COLOR blue]F[/COLOR]LIXNE[COLOR blue]T[/COLOR]</label>
			<label2>Video Add-On</label2>
			<icon>special://skin/extras/icons/addtile.png</icon>
			<thumb>image://C%3a%5cUsers%5cozkan%5cAppData%5cRoaming%5cKodi%5caddons%5cplugin.video.flixnet%5cicon.png/</thumb>
			<property name="labelID">plugin.video.flixnet</property>
			<property name="defaultID">plugin.video.flixnet</property>
			<property name="translatedPath">ActivateWindow(Videos,"plugin://plugin.video.flixnet",return)</property>
			<onclick>ActivateWindow(Videos,"plugin://plugin.video.flixnet",return)</onclick>
			<property name="path">ActivateWindow(Videos,"plugin://plugin.video.flixnet",return)</property>
			<property name="list">plugin://plugin.video.flixnet</property>
			<visible>[String.IsEqual(System.ProfileName,Master user)] + String.IsEqual(Window(10000).Property(submenuVisibility),colorblue-g-color-enre-colorblue-s-color)</visible>
			<property name="group">colorblue-g-color-enre-colorblue-s-color</property>
			<property name="isSubmenu">True</property>
		</item>
	</include>
	<include name="skinshortcuts-group-plugin-video-exodus">
		<description>No items</description>
	</include>
	<include name="skinshortcuts-group-alt-plugin-video-exodus">
		<description>No items</description>
	</include>
	<include name="skinshortcuts-group-plugin-video-xstream">
		<description>No items</description>
	</include>
	<include name="skinshortcuts-group-alt-plugin-video-xstream">
		<description>No items</description>
	</include>
	<include name="skinshortcuts-group-plugin-video-lastship">
		<description>No items</description>
	</include>
	<include name="skinshortcuts-group-alt-plugin-video-lastship">
		<description>No items</description>
	</include>
	<include name="skinshortcuts-group-plugin-video-covenant">
		<description>No items</description>
	</include>
	<include name="skinshortcuts-group-alt-plugin-video-covenant">
		<description>No items</description>
	</include>
	<include name="skinshortcuts-group-plugin-video-flixnet">
		<description>No items</description>
	</include>
	<include name="skinshortcuts-group-alt-plugin-video-flixnet">
		<description>No items</description>
	</include>
	<include name="skinshortcuts-group-coloryellow-s-color-erien-coloryellow-1-color">
		<description>No items</description>
	</include>
	<include name="skinshortcuts-group-alt-coloryellow-s-color-erien-coloryellow-1-color">
		<description>No items</description>
	</include>
	<include name="skinshortcuts-group-colorviolet-s-color-erien-colorviolet-2-color">
		<description>No items</description>
	</include>
	<include name="skinshortcuts-group-alt-colorviolet-s-color-erien-colorviolet-2-color">
		<description>No items</description>
	</include>
	<include name="skinshortcuts-group-colorlime-l-color-ive-t-colorlime-v-color">
		<item id="1">
			<property name="id">$NUMBER[1]</property>
			<property name="mainmenuid">9</property>
			<label>$LOCALIZE[22020]</label>
			<label2>$ADDON[script.skinshortcuts 32017]</label2>
			<icon>special://skin/extras/icons/tv.png</icon>
			<thumb />
			<property name="labelID">22020</property>
			<property name="defaultID">22020</property>
			<visible>System.HasPVRAddon</visible>
			<onclick>ActivateWindow(TVGuide)</onclick>
			<property name="path">ActivateWindow(TVGuide)</property>
			<property name="list">TVGuide</property>
			<visible>String.IsEqual(System.ProfileName,Master user)</visible>
			<property name="group">colorlime-l-color-ive-t-colorlime-v-color</property>
			<property name="isSubmenu">True</property>
		</item>
		<item id="2">
			<property name="id">$NUMBER[2]</property>
			<property name="mainmenuid">9</property>
			<label>$LOCALIZE[19163]</label>
			<label2>$ADDON[script.skinshortcuts 32017]</label2>
			<icon>special://skin/extras/icons/tv.png</icon>
			<thumb />
			<property name="labelID">19163</property>
			<property name="defaultID">19163</property>
			<visible>System.HasPVRAddon</visible>
			<onclick>ActivateWindow(TVRecordings)</onclick>
			<property name="path">ActivateWindow(TVRecordings)</property>
			<property name="list">TVRecordings</property>
			<visible>String.IsEqual(System.ProfileName,Master user)</visible>
			<property name="group">colorlime-l-color-ive-t-colorlime-v-color</property>
			<property name="isSubmenu">True</property>
		</item>
		<item id="3">
			<property name="id">$NUMBER[3]</property>
			<property name="mainmenuid">9</property>
			<label>$LOCALIZE[19040]</label>
			<label2>$ADDON[script.skinshortcuts 32017]</label2>
			<icon>special://skin/extras/icons/tv.png</icon>
			<thumb />
			<property name="labelID">19040</property>
			<property name="defaultID">19040</property>
			<visible>System.HasPVRAddon</visible>
			<onclick>ActivateWindow(TVTimers)</onclick>
			<property name="path">ActivateWindow(TVTimers)</property>
			<property name="list">TVTimers</property>
			<visible>String.IsEqual(System.ProfileName,Master user)</visible>
			<property name="group">colorlime-l-color-ive-t-colorlime-v-color</property>
			<property name="isSubmenu">True</property>
		</item>
		<item id="4">
			<property name="id">$NUMBER[4]</property>
			<property name="mainmenuid">9</property>
			<label>$LOCALIZE[137]</label>
			<label2>$ADDON[script.skinshortcuts 32017]</label2>
			<icon>special://skin/extras/icons/tv.png</icon>
			<thumb />
			<property name="labelID">137</property>
			<property name="defaultID">137</property>
			<visible>System.HasPVRAddon</visible>
			<onclick>ActivateWindow(TVSearch)</onclick>
			<property name="path">ActivateWindow(TVSearch)</property>
			<property name="list">TVSearch</property>
			<visible>String.IsEqual(System.ProfileName,Master user)</visible>
			<property name="group">colorlime-l-color-ive-t-colorlime-v-color</property>
			<property name="isSubmenu">True</property>
		</item>
	</include>
	<include name="skinshortcuts-group-alt-colorlime-l-color-ive-t-colorlime-v-color">
		<item id="1">
			<property name="id">$NUMBER[1]</property>
			<property name="mainmenuid">9</property>
			<label>$LOCALIZE[22020]</label>
			<label2>$ADDON[script.skinshortcuts 32017]</label2>
			<icon>special://skin/extras/icons/tv.png</icon>
			<thumb />
			<property name="labelID">22020</property>
			<property name="defaultID">22020</property>
			<visible>[System.HasPVRAddon] + String.IsEqual(Window(10000).Property(submenuVisibility),colorlime-l-color-ive-t-colorlime-v-color)</visible>
			<onclick>ActivateWindow(TVGuide)</onclick>
			<property name="path">ActivateWindow(TVGuide)</property>
			<property name="list">TVGuide</property>
			<visible>String.IsEqual(System.ProfileName,Master user)</visible>
			<property name="group">colorlime-l-color-ive-t-colorlime-v-color</property>
			<property name="isSubmenu">True</property>
		</item>
		<item id="2">
			<property name="id">$NUMBER[2]</property>
			<property name="mainmenuid">9</property>
			<label>$LOCALIZE[19163]</label>
			<label2>$ADDON[script.skinshortcuts 32017]</label2>
			<icon>special://skin/extras/icons/tv.png</icon>
			<thumb />
			<property name="labelID">19163</property>
			<property name="defaultID">19163</property>
			<visible>[System.HasPVRAddon] + String.IsEqual(Window(10000).Property(submenuVisibility),colorlime-l-color-ive-t-colorlime-v-color)</visible>
			<onclick>ActivateWindow(TVRecordings)</onclick>
			<property name="path">ActivateWindow(TVRecordings)</property>
			<property name="list">TVRecordings</property>
			<visible>String.IsEqual(System.ProfileName,Master user)</visible>
			<property name="group">colorlime-l-color-ive-t-colorlime-v-color</property>
			<property name="isSubmenu">True</property>
		</item>
		<item id="3">
			<property name="id">$NUMBER[3]</property>
			<property name="mainmenuid">9</property>
			<label>$LOCALIZE[19040]</label>
			<label2>$ADDON[script.skinshortcuts 32017]</label2>
			<icon>special://skin/extras/icons/tv.png</icon>
			<thumb />
			<property name="labelID">19040</property>
			<property name="defaultID">19040</property>
			<visible>[System.HasPVRAddon] + String.IsEqual(Window(10000).Property(submenuVisibility),colorlime-l-color-ive-t-colorlime-v-color)</visible>
			<onclick>ActivateWindow(TVTimers)</onclick>
			<property name="path">ActivateWindow(TVTimers)</property>
			<property name="list">TVTimers</property>
			<visible>String.IsEqual(System.ProfileName,Master user)</visible>
			<property name="group">colorlime-l-color-ive-t-colorlime-v-color</property>
			<property name="isSubmenu">True</property>
		</item>
		<item id="4">
			<property name="id">$NUMBER[4]</property>
			<property name="mainmenuid">9</property>
			<label>$LOCALIZE[137]</label>
			<label2>$ADDON[script.skinshortcuts 32017]</label2>
			<icon>special://skin/extras/icons/tv.png</icon>
			<thumb />
			<property name="labelID">137</property>
			<property name="defaultID">137</property>
			<visible>[System.HasPVRAddon] + String.IsEqual(Window(10000).Property(submenuVisibility),colorlime-l-color-ive-t-colorlime-v-color)</visible>
			<onclick>ActivateWindow(TVSearch)</onclick>
			<property name="path">ActivateWindow(TVSearch)</property>
			<property name="list">TVSearch</property>
			<visible>String.IsEqual(System.ProfileName,Master user)</visible>
			<property name="group">colorlime-l-color-ive-t-colorlime-v-color</property>
			<property name="isSubmenu">True</property>
		</item>
	</include>
	<include name="skinshortcuts-group-plugin-video-rtlnow">
		<description>No items</description>
	</include>
	<include name="skinshortcuts-group-alt-plugin-video-rtlnow">
		<description>No items</description>
	</include>
	<include name="skinshortcuts-group-plugin-video-kidstube">
		<description>No items</description>
	</include>
	<include name="skinshortcuts-group-alt-plugin-video-kidstube">
		<description>No items</description>
	</include>
	<include name="skinshortcuts-group-colorred-m-color-usi-colorred-k-color">
		<description>No items</description>
	</include>
	<include name="skinshortcuts-group-alt-colorred-m-color-usi-colorred-k-color">
		<description>No items</description>
	</include>
	<include name="skinshortcuts-group-colorgold-a-color-ddon-colorgold-s-color">
		<item id="1">
			<property name="id">$NUMBER[1]</property>
			<property name="mainmenuid">13</property>
			<label>[COLOR gold]P[/COLOR]ROGRA[COLOR gold]M[/COLOR]</label>
			<label2>Allgemeiner Menü Eintrag</label2>
			<icon>special://skin/extras/icons/addons.png</icon>
			<thumb />
			<property name="labelID">colorgold-p-color-rogra-colorgold-m-color</property>
			<property name="defaultID">programs</property>
			<property name="translatedPath">ActivateWindow(Programs,Addons,return)</property>
			<onclick>ActivateWindow(Programs,Addons,return)</onclick>
			<property name="path">ActivateWindow(Programs,Addons,return)</property>
			<property name="list">Addons</property>
			<visible>String.IsEqual(System.ProfileName,Master user)</visible>
			<property name="group">colorgold-a-color-ddon-colorgold-s-color</property>
			<property name="isSubmenu">True</property>
		</item>
		<item id="2">
			<property name="id">$NUMBER[2]</property>
			<property name="mainmenuid">13</property>
			<label>[COLOR gold]B[/COLOR]ILDE[COLOR gold]R[/COLOR]</label>
			<label2>Allgemeiner Menü Eintrag</label2>
			<icon>special://skin/extras/icons/pictures.png</icon>
			<thumb />
			<property name="labelID">colorgold-b-color-ilde-colorgold-r-color</property>
			<property name="defaultID">pictures</property>
			<property name="translatedPath">ActivateWindow(Pictures)</property>
			<onclick>ActivateWindow(Pictures)</onclick>
			<property name="path">ActivateWindow(Pictures)</property>
			<property name="list">Pictures</property>
			<visible>String.IsEqual(System.ProfileName,Master user)</visible>
			<property name="group">colorgold-a-color-ddon-colorgold-s-color</property>
			<property name="isSubmenu">True</property>
		</item>
		<item id="3">
			<property name="id">$NUMBER[3]</property>
			<property name="mainmenuid">13</property>
			<label>[COLOR gold]M[/COLOR]USI[COLOR gold]K[/COLOR]</label>
			<label2>Allgemeiner Menü Eintrag</label2>
			<icon>special://skin/extras/icons/songs.png</icon>
			<thumb />
			<property name="labelID">colorgold-m-color-usi-colorgold-k-color</property>
			<property name="defaultID">music</property>
			<property name="translatedPath">ActivateWindow(Music)</property>
			<onclick>ActivateWindow(Music)</onclick>
			<property name="path">ActivateWindow(Music)</property>
			<property name="list">Music</property>
			<visible>String.IsEqual(System.ProfileName,Master user)</visible>
			<property name="group">colorgold-a-color-ddon-colorgold-s-color</property>
			<property name="isSubmenu">True</property>
		</item>
		<item id="4">
			<property name="id">$NUMBER[4]</property>
			<property name="mainmenuid">13</property>
			<label>[COLOR gold]F[/COLOR]ILM[COLOR gold]E[/COLOR]</label>
			<label2>Allgemeiner Menü Eintrag</label2>
			<icon>special://skin/extras/icons/film.png</icon>
			<thumb />
			<property name="labelID">colorgold-f-color-ilm-colorgold-e-color</property>
			<property name="defaultID">movies</property>
			<property name="translatedPath">ActivateWindow(Videos,videodb://movies/titles/,return)</property>
			<visible>Library.HasContent(Movies)</visible>
			<onclick>ActivateWindow(Videos,videodb://movies/titles/,return)</onclick>
			<property name="path">ActivateWindow(Videos,videodb://movies/titles/,return)</property>
			<property name="list">videodb://movies/titles/</property>
			<visible>String.IsEqual(System.ProfileName,Master user)</visible>
			<property name="group">colorgold-a-color-ddon-colorgold-s-color</property>
			<property name="isSubmenu">True</property>
		</item>
	</include>
	<include name="skinshortcuts-group-alt-colorgold-a-color-ddon-colorgold-s-color">
		<item id="1">
			<property name="id">$NUMBER[1]</property>
			<property name="mainmenuid">13</property>
			<label>[COLOR gold]P[/COLOR]ROGRA[COLOR gold]M[/COLOR]</label>
			<label2>Allgemeiner Menü Eintrag</label2>
			<icon>special://skin/extras/icons/addons.png</icon>
			<thumb />
			<property name="labelID">colorgold-p-color-rogra-colorgold-m-color</property>
			<property name="defaultID">programs</property>
			<property name="translatedPath">ActivateWindow(Programs,Addons,return)</property>
			<onclick>ActivateWindow(Programs,Addons,return)</onclick>
			<property name="path">ActivateWindow(Programs,Addons,return)</property>
			<property name="list">Addons</property>
			<visible>[String.IsEqual(System.ProfileName,Master user)] + String.IsEqual(Window(10000).Property(submenuVisibility),colorgold-a-color-ddon-colorgold-s-color)</visible>
			<property name="group">colorgold-a-color-ddon-colorgold-s-color</property>
			<property name="isSubmenu">True</property>
		</item>
		<item id="2">
			<property name="id">$NUMBER[2]</property>
			<property name="mainmenuid">13</property>
			<label>[COLOR gold]B[/COLOR]ILDE[COLOR gold]R[/COLOR]</label>
			<label2>Allgemeiner Menü Eintrag</label2>
			<icon>special://skin/extras/icons/pictures.png</icon>
			<thumb />
			<property name="labelID">colorgold-b-color-ilde-colorgold-r-color</property>
			<property name="defaultID">pictures</property>
			<property name="translatedPath">ActivateWindow(Pictures)</property>
			<onclick>ActivateWindow(Pictures)</onclick>
			<property name="path">ActivateWindow(Pictures)</property>
			<property name="list">Pictures</property>
			<visible>[String.IsEqual(System.ProfileName,Master user)] + String.IsEqual(Window(10000).Property(submenuVisibility),colorgold-a-color-ddon-colorgold-s-color)</visible>
			<property name="group">colorgold-a-color-ddon-colorgold-s-color</property>
			<property name="isSubmenu">True</property>
		</item>
		<item id="3">
			<property name="id">$NUMBER[3]</property>
			<property name="mainmenuid">13</property>
			<label>[COLOR gold]M[/COLOR]USI[COLOR gold]K[/COLOR]</label>
			<label2>Allgemeiner Menü Eintrag</label2>
			<icon>special://skin/extras/icons/songs.png</icon>
			<thumb />
			<property name="labelID">colorgold-m-color-usi-colorgold-k-color</property>
			<property name="defaultID">music</property>
			<property name="translatedPath">ActivateWindow(Music)</property>
			<onclick>ActivateWindow(Music)</onclick>
			<property name="path">ActivateWindow(Music)</property>
			<property name="list">Music</property>
			<visible>[String.IsEqual(System.ProfileName,Master user)] + String.IsEqual(Window(10000).Property(submenuVisibility),colorgold-a-color-ddon-colorgold-s-color)</visible>
			<property name="group">colorgold-a-color-ddon-colorgold-s-color</property>
			<property name="isSubmenu">True</property>
		</item>
		<item id="4">
			<property name="id">$NUMBER[4]</property>
			<property name="mainmenuid">13</property>
			<label>[COLOR gold]F[/COLOR]ILM[COLOR gold]E[/COLOR]</label>
			<label2>Allgemeiner Menü Eintrag</label2>
			<icon>special://skin/extras/icons/film.png</icon>
			<thumb />
			<property name="labelID">colorgold-f-color-ilm-colorgold-e-color</property>
			<property name="defaultID">movies</property>
			<property name="translatedPath">ActivateWindow(Videos,videodb://movies/titles/,return)</property>
			<visible>[Library.HasContent(Movies)] + String.IsEqual(Window(10000).Property(submenuVisibility),colorgold-a-color-ddon-colorgold-s-color)</visible>
			<onclick>ActivateWindow(Videos,videodb://movies/titles/,return)</onclick>
			<property name="path">ActivateWindow(Videos,videodb://movies/titles/,return)</property>
			<property name="list">videodb://movies/titles/</property>
			<visible>String.IsEqual(System.ProfileName,Master user)</visible>
			<property name="group">colorgold-a-color-ddon-colorgold-s-color</property>
			<property name="isSubmenu">True</property>
		</item>
	</include>
	<include name="skinshortcuts-group-colorgreen-e-color-instel-colorgreen-l-color">
		<item id="1">
			<property name="id">$NUMBER[1]</property>
			<property name="mainmenuid">14</property>
			<label>[COLOR green]D[/COLOR]ATEIMANAGE[COLOR green]R[/COLOR]</label>
			<label2>Allgemeiner Menü Eintrag</label2>
			<icon>special://skin/extras/icons/files.png</icon>
			<thumb />
			<property name="labelID">colorgreen-d-color-ateimanage-colorgreen-r-color</property>
			<property name="defaultID">7</property>
			<onclick>ActivateWindow(FileManager)</onclick>
			<property name="path">ActivateWindow(FileManager)</property>
			<property name="list">FileManager</property>
			<visible>String.IsEqual(System.ProfileName,Master user)</visible>
			<property name="group">colorgreen-e-color-instel-colorgreen-l-color</property>
			<property name="isSubmenu">True</property>
		</item>
		<item id="2">
			<property name="id">$NUMBER[2]</property>
			<property name="mainmenuid">14</property>
			<label>[COLOR green]P[/COLOR]ROFIL[COLOR green]E[/COLOR]</label>
			<label2>Allgemeiner Menü Eintrag</label2>
			<icon>special://skin/extras/icons/actor.png</icon>
			<thumb />
			<property name="labelID">colorgreen-p-color-rofil-colorgreen-e-color</property>
			<property name="defaultID">13200</property>
			<onclick>ActivateWindow(Profiles)</onclick>
			<property name="path">ActivateWindow(Profiles)</property>
			<property name="list">Profiles</property>
			<visible>String.IsEqual(System.ProfileName,Master user)</visible>
			<property name="group">colorgreen-e-color-instel-colorgreen-l-color</property>
			<property name="isSubmenu">True</property>
		</item>
		<item id="3">
			<property name="id">$NUMBER[3]</property>
			<property name="mainmenuid">14</property>
			<label>[COLOR green]S[/COLOR]YSTEMINFORMATIO[COLOR green]N[/COLOR]</label>
			<label2>Allgemeiner Menü Eintrag</label2>
			<icon>special://skin/extras/icons/sysinfo.png</icon>
			<thumb />
			<property name="labelID">colorgreen-s-color-ysteminformatio-colorgreen-n-color</property>
			<property name="defaultID">10007</property>
			<onclick>ActivateWindow(SystemInfo)</onclick>
			<property name="path">ActivateWindow(SystemInfo)</property>
			<property name="list">SystemInfo</property>
			<visible>String.IsEqual(System.ProfileName,Master user)</visible>
			<property name="group">colorgreen-e-color-instel-colorgreen-l-color</property>
			<property name="isSubmenu">True</property>
		</item>
		<item id="4">
			<property name="id">$NUMBER[4]</property>
			<property name="mainmenuid">14</property>
			<label>[COLOR green]E[/COLOR]REIGNISS[COLOR green]E[/COLOR]</label>
			<label2>Allgemeiner Menü Eintrag</label2>
			<icon>special://skin/extras/icons/actor.png</icon>
			<thumb />
			<property name="labelID">colorgreen-e-color-reigniss-colorgreen-e-color</property>
			<property name="defaultID">14111</property>
			<visible>system.getbool(eventlog.enabled)</visible>
			<onclick>ActivateWindow(EventLog,events://,return)</onclick>
			<property name="path">ActivateWindow(EventLog,events://,return)</property>
			<property name="list">events://</property>
			<visible>String.IsEqual(System.ProfileName,Master user)</visible>
			<property name="group">colorgreen-e-color-instel-colorgreen-l-color</property>
			<property name="isSubmenu">True</property>
		</item>
	</include>
	<include name="skinshortcuts-group-alt-colorgreen-e-color-instel-colorgreen-l-color">
		<item id="1">
			<property name="id">$NUMBER[1]</property>
			<property name="mainmenuid">14</property>
			<label>[COLOR green]D[/COLOR]ATEIMANAGE[COLOR green]R[/COLOR]</label>
			<label2>Allgemeiner Menü Eintrag</label2>
			<icon>special://skin/extras/icons/files.png</icon>
			<thumb />
			<property name="labelID">colorgreen-d-color-ateimanage-colorgreen-r-color</property>
			<property name="defaultID">7</property>
			<onclick>ActivateWindow(FileManager)</onclick>
			<property name="path">ActivateWindow(FileManager)</property>
			<property name="list">FileManager</property>
			<visible>[String.IsEqual(System.ProfileName,Master user)] + String.IsEqual(Window(10000).Property(submenuVisibility),colorgreen-e-color-instel-colorgreen-l-color)</visible>
			<property name="group">colorgreen-e-color-instel-colorgreen-l-color</property>
			<property name="isSubmenu">True</property>
		</item>
		<item id="2">
			<property name="id">$NUMBER[2]</property>
			<property name="mainmenuid">14</property>
			<label>[COLOR green]P[/COLOR]ROFIL[COLOR green]E[/COLOR]</label>
			<label2>Allgemeiner Menü Eintrag</label2>
			<icon>special://skin/extras/icons/actor.png</icon>
			<thumb />
			<property name="labelID">colorgreen-p-color-rofil-colorgreen-e-color</property>
			<property name="defaultID">13200</property>
			<onclick>ActivateWindow(Profiles)</onclick>
			<property name="path">ActivateWindow(Profiles)</property>
			<property name="list">Profiles</property>
			<visible>[String.IsEqual(System.ProfileName,Master user)] + String.IsEqual(Window(10000).Property(submenuVisibility),colorgreen-e-color-instel-colorgreen-l-color)</visible>
			<property name="group">colorgreen-e-color-instel-colorgreen-l-color</property>
			<property name="isSubmenu">True</property>
		</item>
		<item id="3">
			<property name="id">$NUMBER[3]</property>
			<property name="mainmenuid">14</property>
			<label>[COLOR green]S[/COLOR]YSTEMINFORMATIO[COLOR green]N[/COLOR]</label>
			<label2>Allgemeiner Menü Eintrag</label2>
			<icon>special://skin/extras/icons/sysinfo.png</icon>
			<thumb />
			<property name="labelID">colorgreen-s-color-ysteminformatio-colorgreen-n-color</property>
			<property name="defaultID">10007</property>
			<onclick>ActivateWindow(SystemInfo)</onclick>
			<property name="path">ActivateWindow(SystemInfo)</property>
			<property name="list">SystemInfo</property>
			<visible>[String.IsEqual(System.ProfileName,Master user)] + String.IsEqual(Window(10000).Property(submenuVisibility),colorgreen-e-color-instel-colorgreen-l-color)</visible>
			<property name="group">colorgreen-e-color-instel-colorgreen-l-color</property>
			<property name="isSubmenu">True</property>
		</item>
		<item id="4">
			<property name="id">$NUMBER[4]</property>
			<property name="mainmenuid">14</property>
			<label>[COLOR green]E[/COLOR]REIGNISS[COLOR green]E[/COLOR]</label>
			<label2>Allgemeiner Menü Eintrag</label2>
			<icon>special://skin/extras/icons/actor.png</icon>
			<thumb />
			<property name="labelID">colorgreen-e-color-reigniss-colorgreen-e-color</property>
			<property name="defaultID">14111</property>
			<visible>[system.getbool(eventlog.enabled)] + String.IsEqual(Window(10000).Property(submenuVisibility),colorgreen-e-color-instel-colorgreen-l-color)</visible>
			<onclick>ActivateWindow(EventLog,events://,return)</onclick>
			<property name="path">ActivateWindow(EventLog,events://,return)</property>
			<property name="list">events://</property>
			<visible>String.IsEqual(System.ProfileName,Master user)</visible>
			<property name="group">colorgreen-e-color-instel-colorgreen-l-color</property>
			<property name="isSubmenu">True</property>
		</item>
	</include>
	<include name="skinshortcuts-group-plugin-video-adulthideout">
		<item id="1">
			<property name="id">$NUMBER[1]</property>
			<property name="mainmenuid">15</property>
			<label>[COLOR violet]X[/COLOR]XX-O-DU[COLOR violet]S[/COLOR]</label>
			<label2>Video Add-On</label2>
			<icon>special://skin/extras/icons/addtile.png</icon>
			<thumb>image://C%3a%5cUsers%5cozkan%5cAppData%5cRoaming%5cKodi%5caddons%5cplugin.video.xxx-o-dus%5cicon.png/</thumb>
			<property name="labelID">plugin.video.xxx-o-dus</property>
			<property name="defaultID">plugin.video.xxx-o-dus</property>
			<property name="translatedPath">ActivateWindow(Videos,"plugin://plugin.video.xxx-o-dus",return)</property>
			<onclick>ActivateWindow(Videos,"plugin://plugin.video.xxx-o-dus",return)</onclick>
			<property name="path">ActivateWindow(Videos,"plugin://plugin.video.xxx-o-dus",return)</property>
			<property name="list">plugin://plugin.video.xxx-o-dus</property>
			<visible>String.IsEqual(System.ProfileName,Master user)</visible>
			<property name="group">plugin.video.adulthideout</property>
			<property name="isSubmenu">True</property>
		</item>
	</include>
	<include name="skinshortcuts-group-alt-plugin-video-adulthideout">
		<item id="1">
			<property name="id">$NUMBER[1]</property>
			<property name="mainmenuid">15</property>
			<label>[COLOR violet]X[/COLOR]XX-O-DU[COLOR violet]S[/COLOR]</label>
			<label2>Video Add-On</label2>
			<icon>special://skin/extras/icons/addtile.png</icon>
			<thumb>image://C%3a%5cUsers%5cozkan%5cAppData%5cRoaming%5cKodi%5caddons%5cplugin.video.xxx-o-dus%5cicon.png/</thumb>
			<property name="labelID">plugin.video.xxx-o-dus</property>
			<property name="defaultID">plugin.video.xxx-o-dus</property>
			<property name="translatedPath">ActivateWindow(Videos,"plugin://plugin.video.xxx-o-dus",return)</property>
			<onclick>ActivateWindow(Videos,"plugin://plugin.video.xxx-o-dus",return)</onclick>
			<property name="path">ActivateWindow(Videos,"plugin://plugin.video.xxx-o-dus",return)</property>
			<property name="list">plugin://plugin.video.xxx-o-dus</property>
			<visible>[String.IsEqual(System.ProfileName,Master user)] + String.IsEqual(Window(10000).Property(submenuVisibility),plugin-video-adulthideout)</visible>
			<property name="group">plugin.video.adulthideout</property>
			<property name="isSubmenu">True</property>
		</item>
	</include>
</includes>
