<?xml version="1.0" encoding="UTF-8"?>
<window>
	<defaultcontrol always="true">100</defaultcontrol>
	<onload condition="!VideoPlayer.Content(LiveTV)">SetFocus(202)</onload>
	<onload condition="VideoPlayer.Content(LiveTV)">SetFocus(300)</onload>
	<include>dialogeffect</include>
	<depth>DepthOSD</depth>
	<coordinates>
		<left>0</left>
		<top>0</top>
	</coordinates>
	<controls>
		<control type="button">
			<description>Close Window button</description>
			<left>84r</left>
			<top>0</top>
			<width>64</width>
			<height>32</height>
			<label>-</label>
			<font>-</font>
			<onclick>Dialog.Close(VideoOSD,true)</onclick>
			<onclick>FullScreen</onclick>
			<texturefocus>DialogCloseButton-focus.png</texturefocus>
			<texturenofocus>DialogCloseButton.png</texturenofocus>
			<animation effect="slide" start="0,0" end="-30,0" time="0" condition="Player.Muted">conditional</animation>
			<!--<animation effect="fade" time="150">VisibleChange</animation>-->
			<!--
			<visible>System.GetBool(input.enablemouse) + ![Window.IsVisible(SliderDialog) | Window.IsVisible(OSDVideoSettings) | Window.IsVisible(OSDAudioSettings) | Window.IsVisible(OSDAudioDSPSettings) | Window.IsVisible(VideoBookmarks)]</visible>
			dont hide test
			-->
			<visible>System.GetBool(input.enablemouse) + ![Window.IsVisible(SliderDialog)]</visible>
		</control>
		
		
		
		<!--
		TEST
		<control type="button" id="4011">
			<ondown>100</ondown>
			
			<description>Seek Button</description>
			<left>427</left>
			<top>92r</top>
			<width>726</width>
			<height>20</height>
			<texturefocus border="5">button-focus.png</texturefocus>
			<texturenofocus border="5"></texturenofocus>
			<onleft>StepBack</onleft>
			<onright>StepForward</onright>
		</control>
		-->
		<control type="image" id="4010">
			<description>Seekbar focus border for mouse</description>
			<left>415</left>
			<top>92r</top>
			<width>726</width>
			<height>20</height>
			<texture border="5">-</texture>
			<visible>Control.HasFocus(87) +     System.GetBool(input.enablemouse) + ![Window.IsVisible(SliderDialog) | VideoPlayer.Content(LiveTV)]</visible>
		</control>
		
		
		<control type="slider" id="87">
			<depth>DepthOSD+</depth>
			<description>Seek Slider</description>
			<left>430</left>
			<top>93r</top><!-- 82r move up test -->
			<width>720</width>
			<height>21</height>
			<!--
			<onup>702</onup>
			<ondown>26</ondown>
			-->
			<action>seek</action>
			
			<texturesliderbar>seekslider2.png</texturesliderbar>
			<textureslidernib></textureslidernib>
			<textureslidernibfocus></textureslidernibfocus>
			<!--
			<textureslidernib>osd_slider_nibNF.png</textureslidernib>
			<textureslidernibfocus>osd_slider_nib.png</textureslidernibfocus>
			-->
			
			<!--<animation effect="fade" time="150">VisibleChange</animation>-->
			<visible>System.GetBool(input.enablemouse) + ![Window.IsVisible(SliderDialog) | VideoPlayer.Content(LiveTV)]</visible>
		</control>
		
		
		
		
		
		
		<!-- OSD BUTTONS from left -->
		<control type="grouplist" id="100">
		
			<!--<onup>4011</onup>-->
			
			<left>325</left>
			<top>66r</top><!-- 60r move up test -->
			<orientation>horizontal</orientation>
			<itemgap>0</itemgap>
			<!--<animation effect="fade" time="150">VisibleChange</animation>-->
			<!--
			<visible>![Window.IsVisible(SliderDialog) | Window.IsVisible(OSDVideoSettings) | Window.IsVisible(OSDAudioSettings) | Window.IsVisible(OSDAudioDSPSettings) | Window.IsVisible(VideoBookmarks) | Window.IsVisible(PVROSDChannels) | Window.IsVisible(PVROSDGuide)]</visible>
			dont hide test
			-->
			<visible>![Window.IsVisible(SliderDialog)]</visible>
			<control type="button" id="300">
				<width>54</width>
				<height>54</height>
				<label>210</label>
				<font>-</font>
				<texturefocus>osd/buttons/OSDChannelUPFO.png</texturefocus>
				<texturenofocus>osd/buttons/OSDChannelUPNF.png</texturenofocus>
				<onclick>PlayerControl(Next)</onclick>
				<visible>VideoPlayer.Content(LiveTV)</visible>
			</control>
			<control type="button" id="301">
				<width>54</width>
				<height>54</height>
				<label>209</label>
				<font>-</font>
				<texturefocus>osd/buttons/OSDChannelDownFO.png</texturefocus>
				<texturenofocus>osd/buttons/OSDChannelDownNF.png</texturenofocus>
				<onclick>PlayerControl(Previous)</onclick>
				<visible>VideoPlayer.Content(LiveTV)</visible>
			</control>
			<control type="button" id="200">
				<width>54</width>
				<height>54</height>
				<label>210</label>
				<font>-</font>
				<texturefocus>osd/buttons/OSDPrevTrackFO.png</texturefocus>
				<texturenofocus>osd/buttons/OSDPrevTrackNF.png</texturenofocus>
				<onclick>PlayerControl(Previous)</onclick>
				<visible>!VideoPlayer.Content(LiveTV)</visible>
			</control>
			<control type="button" id="201">
				<width>54</width>
				<height>54</height>
				<label>31354</label>
				<font>-</font>
				<texturefocus>osd/buttons/OSDRewindFO.png</texturefocus>
				<texturenofocus>osd/buttons/OSDRewindNF.png</texturenofocus>
				<enable>Player.SeekEnabled</enable>
				<animation effect="fade" start="100" end="20" time="0" condition="!Player.SeekEnabled">Conditional</animation>
				<onclick>PlayerControl(Rewind)</onclick>
			</control>
			<control type="togglebutton" id="202">
				<width>54</width>
				<height>54</height>
				<label>31351</label>
				<altlabel>208</altlabel>
				<font>-</font>
				<texturefocus>osd/buttons/OSDPauseFO.png</texturefocus>
				<texturenofocus>osd/buttons/OSDPauseNF.png</texturenofocus>
				<usealttexture>Player.Paused | Player.Forwarding | Player.Rewinding</usealttexture>
				<alttexturefocus>osd/buttons/OSDPlayFO.png</alttexturefocus>
				<alttexturenofocus>osd/buttons/OSDPlayNF.png</alttexturenofocus>
				<onclick>PlayerControl(Play)</onclick>
				<enable>Player.PauseEnabled</enable>
				<animation effect="fade" start="100" end="20" time="0" condition="!Player.PauseEnabled">Conditional</animation>
			</control>
			<control type="button" id="203">
				<width>54</width>
				<height>54</height>
				<label>31352</label>
				<font>-</font>
				<texturefocus>osd/buttons/OSDStopFO.png</texturefocus>
				<texturenofocus>osd/buttons/OSDStopNF.png</texturenofocus>
				<onclick>PlayerControl(Stop)</onclick>
			</control>
			<control type="button" id="204">
				<width>54</width>
				<height>54</height>
				<label>31353</label>
				<font>-</font>
				<texturefocus>osd/buttons/OSDForwardFO.png</texturefocus>
				<texturenofocus>osd/buttons/OSDForwardNF.png</texturenofocus>
				<enable>Player.SeekEnabled</enable>
				<animation effect="fade" start="100" end="20" time="0" condition="!Player.SeekEnabled">Conditional</animation>
				<onclick>PlayerControl(Forward)</onclick>
			</control>
			<control type="button" id="205">
				<width>54</width>
				<height>54</height>
				<label>209</label>
				<font>-</font>
				<texturefocus>osd/buttons/OSDNextTrackFO.png</texturefocus>
				<texturenofocus>osd/buttons/OSDNextTrackNF.png</texturenofocus>
				<onclick>PlayerControl(Next)</onclick>
				<visible>!VideoPlayer.Content(LiveTV)</visible>
			</control>
			<control type="button" id="306">
				<width>54</width>
				<height>54</height>
				<label>19019</label>
				<font>-</font>
				<texturefocus>osd/buttons/OSDChannelListFO.png</texturefocus>
				<texturenofocus>osd/buttons/OSDChannelListNF.png</texturenofocus>
				<onclick>ActivateWindow(PVROSDChannels)</onclick>
				<onclick>Dialog.Close(VideoOSD)</onclick>
				<visible>VideoPlayer.Content(LiveTV)</visible>
			</control>
			<control type="button" id="307">
				<width>54</width>
				<height>54</height>
				<label>$LOCALIZE[19029]$INFO[VideoPlayer.ChannelName, - ]</label>
				<font>-</font>
				<texturefocus>osd/buttons/OSDepgFO.png</texturefocus>
				<texturenofocus>osd/buttons/OSDepgNF.png</texturenofocus>
				<onclick>ActivateWindow(PVROSDGuide)</onclick>
				<onclick>Dialog.Close(VideoOSD)</onclick>
				<visible>VideoPlayer.Content(LiveTV)</visible>
			</control>
			<control type="button" id="350">
				<width>54</width>
				<height>54</height>
				<label>31356</label>
				<font>-</font>
				<texturefocus>osd/buttons/OSDTeleTextFO.png</texturefocus>
				<texturenofocus>osd/buttons/OSDTeleTextNF.png</texturenofocus>
				<onclick>ActivateWindow(Teletext)</onclick>
				<visible>VideoPlayer.Content(LiveTV)</visible>
			</control>
			
			<control type="image" id="2200">
				<width>238</width><!-- 270 - 32 -->
				<texture>-</texture>
				<visible>VideoPlayer.HasMenu + !VideoPlayer.Content(LiveTV)</visible>
			</control>
			<!-- ADD 32px IF NO VA-DRC BUTTON -->
			<control type="image" id="2201">
				<width>32</width>
				<texture>-</texture>
				<visible>VideoPlayer.HasMenu + !VideoPlayer.Content(LiveTV) +                 [!Skin.HasSetting(ExperimentalVolumeAmplificationUseAutomaticPresetSwitching) | !Skin.HasSetting(ExperimentalVolumeAmplificationShowToggleButton)]</visible>
			</control>
			
			<control type="image" id="2300">
				<width>160</width>
				<texture>-</texture>
				<visible>VideoPlayer.Content(LiveTV)</visible>
			</control>
			
			<control type="image" id="2600">
				<width>293</width><!-- 325 - 32 -->
				<texture>-</texture>
				<visible>!VideoPlayer.Content(LiveTV) + !VideoPlayer.HasMenu</visible>
			</control>
			<!-- ADD 32px IF NO VA-DRC BUTTON -->
			<control type="image" id="2601">
				<width>32</width>
				<texture>-</texture>
				<visible>!VideoPlayer.Content(LiveTV) + !VideoPlayer.HasMenu +                 [!Skin.HasSetting(ExperimentalVolumeAmplificationUseAutomaticPresetSwitching) | !Skin.HasSetting(ExperimentalVolumeAmplificationShowToggleButton)]</visible>
			</control>
			
			<control type="button" id="255">
				<enable>VideoPlayer.IsStereoscopic</enable>
				<animation effect="fade" start="100" end="0" time="0" condition="!VideoPlayer.IsStereoscopic">Conditional</animation>
				<width>54</width>
				<height>54</height>
				<label>36501</label>
				<font>-</font>
				<texturefocus>osd/buttons/OSDStereoscopicFO.png</texturefocus>
				<texturenofocus>osd/buttons/OSDStereoscopicNF.png</texturenofocus>
				<onup>501</onup>
			</control>
			<control type="button" id="250">
				<width>54</width>
				<height>54</height>
				<label>31356</label>
				<font>-</font>
				<texturefocus>osd/buttons/OSDSubtitlesFO.png</texturefocus>
				<texturenofocus>osd/buttons/OSDSubtitlesNF.png</texturenofocus>
				<onup>404</onup>
			</control>
			<control type="button" id="251">
				<width>54</width>
				<height>54</height>
				<label>13395</label>
				<font>-</font>
				<texturefocus>osd/buttons/OSDVideoFO.png</texturefocus>
				<texturenofocus>osd/buttons/OSDVideoNF.png</texturenofocus>
				<onclick>ActivateWindow(OSDVideoSettings)</onclick>
			</control>
			<control type="togglebutton" id="252">
				<width>54</width>
				<height>54</height>
				<label>13396</label>
				<font>-</font>
				<texturefocus>osd/buttons/OSDAudioFO.png</texturefocus>
				<texturenofocus>osd/buttons/OSDAudioNF.png</texturenofocus>
				<usealttexture>System.GetBool(audiooutput.dspaddonsenabled)</usealttexture>
				<alttexturefocus>osd/buttons/OSDDSPAudioFO.png</alttexturefocus>
				<alttexturenofocus>osd/buttons/OSDDSPAudioNF.png</alttexturenofocus>
				<onclick>ActivateWindow(OSDAudioSettings)</onclick>
			</control>
			<control type="button" id="299">
				<width>32</width>
				<height>54</height>
				<label>298</label>
				<font>-</font>
				<texturefocus>osd/buttons/OSDVADRCFO.png</texturefocus>
				<texturenofocus>osd/buttons/OSDVADRCNF.png</texturenofocus>
				
				<!-- include onclick actions -->
				<include>VolumeAmplification_Preset_DRC_Toggle</include>
				
				<visible>Skin.HasSetting(ExperimentalVolumeAmplificationUseAutomaticPresetSwitching) + Skin.HasSetting(ExperimentalVolumeAmplificationShowToggleButton) + !VideoPlayer.Content(LiveTV)</visible>
				
			</control>
			<control type="button" id="253">
				<width>54</width>
				<height>54</height>
				<label>298</label>
				<font>-</font>
				<texturefocus>osd/buttons/OSDBookmarksFO.png</texturefocus>
				<texturenofocus>osd/buttons/OSDBookmarksNF.png</texturenofocus>
				<onclick>ActivateWindow(VideoBookmarks)</onclick>
				<visible>!VideoPlayer.Content(LiveTV)</visible>
			</control>
			<control type="button" id="254">
				<width>54</width>
				<height>54</height>
				<label>31355</label>
				<font>-</font>
				<texturefocus>osd/buttons/OSDDvdFO.png</texturefocus>
				<texturenofocus>osd/buttons/OSDDvdNF.png</texturenofocus>
				<onclick>PlayerControl(ShowVideoMenu)</onclick>
				<visible>!VideoPlayer.Content(LiveTV) + VideoPlayer.HasMenu</visible>
			</control>
			<control type="togglebutton" id="353">
				<width>54</width>
				<height>54</height>
				<label>264</label>
				<altlabel>265</altlabel>
				<font>-</font>
				<texturefocus>osd/buttons/OSDRecordOffFO.png</texturefocus>
				<texturenofocus>osd/buttons/OSDRecordOffNF.png</texturenofocus>
				<usealttexture>Player.Recording</usealttexture>
				<alttexturefocus>osd/buttons/OSDRecordOnFO.png</alttexturefocus>
				<alttexturenofocus>osd/buttons/OSDRecordOnNF.png</alttexturenofocus>
				<onclick>PlayerControl(Record)</onclick>
				<enable>Player.CanRecord</enable>
				<animation effect="fade" start="100" end="20" time="0" condition="!Player.CanRecord">Conditional</animation>
				<visible>VideoPlayer.Content(LiveTV)</visible>
			</control>
		</control>
		
		
		<!-- SUBTITLE SUBMENU -->
		<control type="button" id="410">
			<description>Fake button for mouse control</description>
			<right>153</right><!-- 155 -->
			<bottom>60</bottom>
			<width>256</width>
			<height>250</height>
			<label>-</label>
			<font>-</font>
			<texturenofocus>-</texturenofocus>
			<texturefocus>-</texturefocus>
			
			<animation effect="slide" start="0,0" end="55,0" time="0" condition="![VideoPlayer.HasMenu | VideoPlayer.Content(LiveTV)]">Conditional</animation>
			
			<animation effect="slide" start="0,0" end="55,0" time="0" condition="!VideoPlayer.HasMenu + VideoPlayer.Content(LiveTV)">Conditional</animation>
			
			<!-- added -->
			<!-- MOVE 32px LEFT IF VA-DRC TOGGLE VISIBLE -->
			<animation effect="slide" start="0,0" end="-35,0" time="0" condition="!VideoPlayer.Content(LiveTV)   + Skin.HasSetting(ExperimentalVolumeAmplificationUseAutomaticPresetSwitching) + Skin.HasSetting(ExperimentalVolumeAmplificationShowToggleButton)">Conditional</animation>
			
			<visible>Control.HasFocus(410) | Control.HasFocus(250) | ControlGroup(400).HasFocus</visible>
		</control>
		<control type="grouplist" id="400">
			<depth>DepthOSD+</depth>
			<!--
			<visible>![Window.IsVisible(SliderDialog) | Window.IsVisible(OSDVideoSettings) | Window.IsVisible(OSDAudioSettings) | Window.IsVisible(OSDAudioDSPSettings) | Window.IsVisible(VideoBookmarks)]</visible>
			dont hide test
			-->
			<visible>![Window.IsVisible(SliderDialog)]</visible>
			<!--<animation effect="fade" time="150">VisibleChange</animation>-->
			<animation effect="slide" start="0,0" end="0,80" time="0" condition="![VideoPlayer.HasSubtitles + VideoPlayer.SubtitlesEnabled]">Conditional</animation>
			<animation effect="slide" start="0,0" end="0,40" time="0" condition="!VideoPlayer.HasSubtitles">Conditional</animation>
			
			<animation effect="slide" start="0,0" end="55,0" time="0" condition="![VideoPlayer.HasMenu | VideoPlayer.Content(LiveTV)]">Conditional</animation>

			<animation effect="slide" start="0,0" end="55,0" time="0" condition="!VideoPlayer.HasMenu + VideoPlayer.Content(LiveTV)">Conditional</animation>
			
			<!-- added -->
			<!-- MOVE 32px LEFT IF VA-DRC TOGGLE VISIBLE -->
			<animation effect="slide" start="0,0" end="-35,0" time="0" condition="!VideoPlayer.Content(LiveTV)   + Skin.HasSetting(ExperimentalVolumeAmplificationUseAutomaticPresetSwitching) + Skin.HasSetting(ExperimentalVolumeAmplificationShowToggleButton)">Conditional</animation>
			
			<right>153</right><!-- 155 -->
			<bottom>55</bottom>
			<width>256</width>
			<height>260</height>
			<itemgap>0</itemgap>
			<onleft>400</onleft>
			<onright>400</onright>
			<onup>250</onup>
			<ondown>250</ondown>
			<orientation>vertical</orientation>
			<visible>Control.HasFocus(410) | Control.HasFocus(250) | ControlGroup(400).HasFocus</visible>
			<!--<include>VisibleFadeEffect</include>-->
			<include>VisibleFadeEffectNoFadeOutSlow</include>
			<control type="group">
				<description>Header</description>
				<width>256</width>
				<height>40</height>
				<control type="image">
					<description>Header</description>
					<left>0</left>
					<top>0</top>
					<width>256</width>
					<height>40</height>
					<texture border="20,18,20,0">SubMenuBack-Header.png</texture>
				</control>
				<control type="label">
					<left>30</left>
					<top>20</top>
					<width>196</width>
					<height>15</height>
					<font>font12</font>
					<label>24012</label>
					<textcolor>blue</textcolor>
					<align>center</align>
					<aligny>center</aligny>
				</control>
			</control>
			<control type="togglebutton" id="401">
				<description>Download with Subtitles script</description>
				<height>40</height>
				<width>256</width>
				<font>font13</font>
				<label>33003</label>
				<textoffsetx>30</textoffsetx>
				<aligny>center</aligny>
				<texturefocus border="25,5,25,5">SubMenuBack-MiddleFO.png</texturefocus>
				<texturenofocus border="25,5,25,5">SubMenuBack-MiddleNF.png</texturenofocus>
				<alttexturefocus border="25,5,25,5">SubMenuBack-MiddleFO.png</alttexturefocus>
				<alttexturenofocus border="25,5,25,5">SubMenuBack-MiddleNF.png</alttexturenofocus>
				<onclick>Close</onclick>
				<onclick>Dialog.Close(VideoOSD)</onclick>
				<onclick>ActivateWindow(SubtitleSearch)</onclick>
				<!-- no point in downloading subtitles for live programs -->
				<enable>!VideoPlayer.Content(LiveTV)</enable>
			</control>
			<control type="button" id="402">
				<height>40</height>
				<width>256</width>
				<aligny>center</aligny>
				<font>font13</font>
				<textoffsetx>30</textoffsetx>
				<texturefocus border="25,5,25,5">SubMenuBack-MiddleFO.png</texturefocus>
				<texturenofocus border="25,5,25,5">SubMenuBack-MiddleNF.png</texturenofocus>
				<pulseonselect>false</pulseonselect>
				<label>22006</label>
				<onclick>SubtitleDelay</onclick>
				<visible>VideoPlayer.HasSubtitles + VideoPlayer.SubtitlesEnabled</visible>
			</control>
			<control type="button" id="403">
				<height>40</height>
				<width>256</width>
				<aligny>center</aligny>
				<font>font13</font>
				<textoffsetx>30</textoffsetx>
				<texturefocus border="25,5,25,5">SubMenuBack-MiddleFO.png</texturefocus>
				<texturenofocus border="25,5,25,5">SubMenuBack-MiddleNF.png</texturenofocus>
				<pulseonselect>false</pulseonselect>
				<label>209</label>
				<onclick>CycleSubtitle</onclick>
				<visible>VideoPlayer.HasSubtitles + VideoPlayer.SubtitlesEnabled</visible>
			</control>
			<control type="radiobutton" id="404">
				<height>40</height>
				<width>256</width>
				<textoffsetx>30</textoffsetx>
				<aligny>center</aligny>
				<font>font13</font>
				<label>449</label>
				<radioposx>200</radioposx>
				<texturefocus border="25,5,25,5">SubMenuBack-MiddleFO.png</texturefocus>
				<texturenofocus border="25,5,25,5">SubMenuBack-MiddleNF.png</texturenofocus>
				<onclick>ShowSubtitles</onclick>
				<selected>VideoPlayer.SubtitlesEnabled</selected>
				<visible>VideoPlayer.HasSubtitles</visible>
				<pulseonselect>false</pulseonselect>
			</control>
			<control type="image" id="440">
				<description>Footer</description>
				<width>256</width>
				<height>52</height>
				<texture border="20,0,20,50">SubMenuBack-Footer.png</texture>
			</control>
		</control>
		
		
		<!-- 3D SUBMENU -->
		<control type="button" id="520">
			<description>Fake button for mouse control</description>
			<right>206</right><!-- 208 -->
			<bottom>60</bottom>
			<width>256</width>
			<height>210</height>
			<label>-</label>
			<font>-</font>
			<texturenofocus>-</texturenofocus>
			<texturefocus>-</texturefocus>
			<animation effect="slide" start="0,0" end="55,0" time="0" condition="![VideoPlayer.HasMenu | VideoPlayer.Content(LiveTV)]">Conditional</animation>
			
			<animation effect="slide" start="0,0" end="55,0" time="0" condition="VideoPlayer.Content(LiveTV)">Conditional</animation>
			
			<!-- added -->
			<!-- MOVE 32px LEFT IF VA-DRC TOGGLE VISIBLE -->
			<animation effect="slide" start="0,0" end="-35,0" time="0" condition="!VideoPlayer.Content(LiveTV)   + Skin.HasSetting(ExperimentalVolumeAmplificationUseAutomaticPresetSwitching) + Skin.HasSetting(ExperimentalVolumeAmplificationShowToggleButton)">Conditional</animation>
			
			<visible>Control.HasFocus(520) | Control.HasFocus(255) | ControlGroup(500).HasFocus</visible>
		</control>
		<control type="grouplist" id="500">
			<depth>DepthOSD+</depth>
			<!--
			<visible>VideoPlayer.IsStereoscopic + ![Window.IsVisible(SliderDialog) | Window.IsVisible(OSDVideoSettings) | Window.IsVisible(OSDAudioSettings) | Window.IsVisible(OSDAudioDSPSettings) | Window.IsVisible(VideoBookmarks) | Window.IsVisible(PVROSDChannels) | Window.IsVisible(PVROSDGuide)] + [Control.HasFocus(255) | ControlGroup(500).HasFocus | Control.HasFocus(520)]</visible>
			dont hide test
			-->
			<visible>VideoPlayer.IsStereoscopic + ![Window.IsVisible(SliderDialog)] + [Control.HasFocus(255) | ControlGroup(500).HasFocus | Control.HasFocus(520)]</visible>
			<!--<animation effect="fade" time="150">VisibleChange</animation>-->
			<animation effect="slide" start="0,0" end="55,0" time="0" condition="![VideoPlayer.HasMenu | VideoPlayer.Content(LiveTV)]">Conditional</animation>
			
			<animation effect="slide" start="0,0" end="55,0" time="0" condition="VideoPlayer.Content(LiveTV)">Conditional</animation>
			
			<!-- added -->
			<!-- MOVE 32px LEFT IF VA-DRC TOGGLE VISIBLE -->
			<animation effect="slide" start="0,0" end="-35,0" time="0" condition="!VideoPlayer.Content(LiveTV)   + Skin.HasSetting(ExperimentalVolumeAmplificationUseAutomaticPresetSwitching) + Skin.HasSetting(ExperimentalVolumeAmplificationShowToggleButton)">Conditional</animation>
			
			<right>206</right><!-- 208 -->
			<bottom>55</bottom>
			<width>256</width>
			<height>220</height>
			<itemgap>0</itemgap>
			<onleft>100</onleft>
			<onright>100</onright>
			<onup>255</onup>
			<ondown>255</ondown>
			<orientation>vertical</orientation>
			<!--<include>VisibleFadeEffect</include>-->
			<include>VisibleFadeEffectNoFadeOutSlow</include>
			<control type="group">
				<description>Header</description>
				<width>256</width>
				<height>40</height>
				<control type="image">
					<description>Header</description>
					<left>0</left>
					<top>0</top>
					<width>256</width>
					<height>40</height>
					<texture border="20,18,20,0">SubMenuBack-Header.png</texture>
				</control>
				<control type="label">
					<left>0</left>
					<top>20</top>
					<width>256</width>
					<height>15</height>
					<font>font12</font>
					<label>36501</label>
					<textcolor>blue</textcolor>
					<align>center</align>
					<aligny>center</aligny>
				</control>
			</control>
			<control type="radiobutton" id="503">
				<height>40</height>
				<width>256</width>
				<textoffsetx>30</textoffsetx>
				<aligny>center</aligny>
				<font>font13</font>
				<label>31362</label>
				<radioposx>200</radioposx>
				<texturefocus border="25,5,25,5">SubMenuBack-MiddleFO.png</texturefocus>
				<texturenofocus border="25,5,25,5">SubMenuBack-MiddleNF.png</texturenofocus>
				<onclick>ToggleStereoMode</onclick>
				<selected>Integer.IsGreater(System.StereoscopicMode,0)</selected>
				<pulseonselect>false</pulseonselect>
			</control>
			<control type="button" id="502">
				<height>40</height>
				<width>256</width>
				<aligny>center</aligny>
				<font>font13</font>
				<textoffsetx>30</textoffsetx>
				<texturefocus border="25,5,25,5">SubMenuBack-MiddleFO.png</texturefocus>
				<texturenofocus border="25,5,25,5">SubMenuBack-MiddleNF.png</texturenofocus>
				<pulseonselect>false</pulseonselect>
				<label>31361</label>
				<onclick>StereoMode</onclick>
			</control>
			<control type="radiobutton" id="501">
				<height>40</height>
				<width>256</width>
				<textoffsetx>30</textoffsetx>
				<aligny>center</aligny>
				<font>font13</font>
				<label>31360</label>
				<radioposx>200</radioposx>
				<texturefocus border="25,5,25,5">SubMenuBack-MiddleFO.png</texturefocus>
				<texturenofocus border="25,5,25,5">SubMenuBack-MiddleNF.png</texturenofocus>
				<onclick>StereoModeToMono</onclick>
				<selected>String.IsEqual(System.StereoscopicMode,9)</selected>
				<pulseonselect>false</pulseonselect>
			</control>
			<control type="image" id="549">
				<description>Footer</description>
				<width>256</width>
				<height>52</height>
				<texture border="20,0,20,50">SubMenuBack-Footer.png</texture>
			</control>
		</control>
		
		
		<control type="image">
			<left>0</left>
			<top>0</top>
			<width>1280</width>
			<height>720</height>
			<texture>black-back.png</texture>
			<visible>Window.IsVisible(SelectDialog) | Window.IsVisible(OSDVideoSettings) | Window.IsVisible(OSDAudioSettings) | Window.IsVisible(OSDAudioDSPSettings) | Window.IsVisible(VideoBookmarks)</visible>
		</control>
		
		
		
	</controls>
</window>
