<?xml version="1.0" encoding="UTF-8"?>
<addon id="plugin.audio.wolnelektury"
version="2018.07.17.0"
name="Wolne Lektury"
provider-name="-">
<requires>
  <import addon="xbmc.python" version="2.25.0"/>
  <import addon="script.module.ptw" />
  <import addon="script.module.requests"/>
</requires>
<extension point="xbmc.python.pluginsource" library="main.py">
  <provides>audio</provides>
</extension>
<extension point="xbmc.addon.metadata">
  <summary lang="en">Wolne Lektury Plugin Audio</summary>
  <description lang="en_GB">Plugin z Wolne Lektury</description>
  <assets>
    <icon>icon.png</icon>
  </assets>
  <news></news>
</extension>
</addon>