<?xml version="1.0" encoding="UTF-8"?>
<addon id="plugin.video.webcamera"
version="1.1"
name="Kamerki online"
provider-name="Nieznany">
<requires>
  <import addon="xbmc.python" version="2.25.0"/>
  <import addon="script.module.beautifulsoup4" version="4.3.2"/>
  <import addon="script.module.requests"/>
</requires>
<extension point="xbmc.python.pluginsource" library="main.py">
  <provides>video</provides>
</extension>
<extension point="xbmc.addon.metadata">
  <summary lang="en">Kamerki Online Plugin Wideo</summary>
  <description lang="en_GB">Wtyczka tworzona na użytek prywatny, autor nie odpowiada za jej niedowzolone wykorzystywanie oraz rozpowszechnianie!</description>
  <disclaimer lang="en_GB"></disclaimer>
  <assets>
    <icon>icon.png</icon>
    <fanart>fanart.jpg</fanart>
  </assets>
  <news></news>
</extension>
</addon>
