<!-- FIRE COLOR SET BY CDTV -->
<colors>
        <!-- CONFLUENCE LITE COLORS -->
	<color name="white">FFffffff</color>
	<color name="grey">FFb4b4b4</color>
	<color name="grey2">FF999999</color>
        <color name="grey2+">FF5e5e5e</color>
	<color name="grey3">FF505050</color>
	<color name="grey4">17FFFFFF</color>
	<color name="black">FF000000</color>
	<color name="blue">FFF30000</color>
	<color name="selected">FFEB9E17</color>
	<color name="dialogheader">FFEB9E17</color>
        <color name="orange">FFB36B00</color>
        <color name="invalid">FFF30000</color>
	<color name="selected+">d0ebb217</color>
</colors>
