<?xml version="1.0" encoding="UTF-8"?>
<colors>
	<color name="white">FFF1F1F1</color>
	<color name="grey">FFb4b4b4</color>
	<color name="grey2">FF999999</color>
	<color name="grey2+">FF5e5e5e</color>
	<color name="grey3">FF505050</color>
	<color name="grey4">FF282828</color>
	<color name="black">FF000000</color>
	<color name="blue">FF78AB46</color>
	<color name="selected">FFebb217</color><!--FFEB9E17-->
	<color name="invalid">FFFF0000</color>
	<color name="selected+">d0ebb217</color>
</colors>