<!-- SONAR COLOR SET BY CDTV -->
<colors>
        <!-- CONFLUENCE LITE COLORS -->
	<color name="white">FFffffff</color>
	<color name="grey">FFb4b4b4</color>
	<color name="grey2">88FFFFFF</color>
        <color name="grey2+">FF5e5e5e</color>
	<color name="grey3">33FFFFFF</color>
	<color name="grey4">17FFFFFF</color>
	<color name="black">FF000000</color>
	<color name="blue">FF807FFE</color>
	<color name="selected">FF005C99</color>
	<color name="dialogheader">FF3949AB</color>
        <color name="orange">FF3949AB</color>
        <color name="invalid">FF807FFE</color>
	<color name="selected+">d0ebb217</color>
</colors>
