<?xml version="1.0" encoding="UTF-8" standalone="yes"?>
<addon id="plugin.video.cherrytv" name="Cherry TV Player" version="0.0.2" provider-name="KodiCherry">
  <requires>
    <import addon="xbmc.python" version="2.1.0"/>
  </requires>
  <extension point="xbmc.python.pluginsource" library="default.py">
        <provides>video</provides>
  </extension>
  <extension point="xbmc.addon.metadata">
    <summary lang="en">Cherry TV Player</summary>
    <summary lang="he">Cherry TV Player</summary>
    <description lang="en">Cherry TV Player</description>
    <description lang="he">Cherry TV Player</description>
    <platform>all</platform>
	<news>
	</news>
  </extension>
</addon>
