<?xml version="1.0" encoding="UTF-8"?>
<includes>
    <!-- ====== -->
    <!-- Common -->
    <!-- ====== -->
    <include name="Topbar">
        <control type="button">
            <visible allowhiddenfocus="true">false</visible>
            <top>0</top>
            <height>400</height>
            <onfocus>SetProperty(ShowInfobar,0,Home)</onfocus>
            <onfocus>SetProperty(ShowTopbar,1,Home)</onfocus>
        </control>
        <control type="group">
            <visible allowhiddenfocus="true">$EXP[Expression_ShowTopbar] | Skin.HasSetting(ShowTopbar)</visible>
            <include>Animation_Topbar</include>
            <include>Topbar_SubMenu</include>
            <include>Topbar_MainMenu</include>
        </control>
    </include>

    <include name="Topbar_OnClick">
        <!-- Set ReturnWindow -->
        <onclick condition="String.IsEqual(ListItem.Property(path),ActivateWindow(1101))">SetProperty(ReturnWindow,ReplaceWindow(1101),Home)</onclick>
        <onclick condition="String.IsEqual(ListItem.Property(path),ActivateWindow(1102))">SetProperty(ReturnWindow,ReplaceWindow(1102),Home)</onclick>
        <onclick condition="String.IsEqual(ListItem.Property(path),ActivateWindow(1103))">SetProperty(ReturnWindow,ReplaceWindow(1103),Home)</onclick>
        <onclick condition="String.IsEqual(ListItem.Property(path),ActivateWindow(1104))">SetProperty(ReturnWindow,ReplaceWindow(1104),Home)</onclick>
        <onclick condition="String.IsEqual(ListItem.Property(path),ActivateWindow(1105))">SetProperty(ReturnWindow,ReplaceWindow(1105),Home)</onclick>
        <onclick condition="String.IsEqual(ListItem.Property(path),ActivateWindow(1106))">SetProperty(ReturnWindow,ReplaceWindow(1106),Home)</onclick>
        <onclick condition="String.IsEqual(ListItem.Property(path),ActivateWindow(1107))">SetProperty(ReturnWindow,ReplaceWindow(1107),Home)</onclick>
        <onclick condition="String.IsEqual(ListItem.Property(path),ActivateWindow(1108))">SetProperty(ReturnWindow,ReplaceWindow(1108),Home)</onclick>
        <onclick condition="String.IsEqual(ListItem.Property(path),ActivateWindow(1109))">SetProperty(ReturnWindow,ReplaceWindow(1109),Home)</onclick>
        <onclick condition="String.IsEqual(ListItem.Property(path),ActivateWindow(1111))">SetProperty(ReturnWindow,ReplaceWindow(1111),Home)</onclick>

        <!-- If not a Hub Window then set ReturnWindow to Home -->
        <onclick condition="!String.IsEqual(ListItem.Property(path),ActivateWindow(1101)) + !String.IsEqual(ListItem.Property(path),ActivateWindow(1102)) + !String.IsEqual(ListItem.Property(path),ActivateWindow(1103)) + !String.IsEqual(ListItem.Property(path),ActivateWindow(1104)) + !String.IsEqual(ListItem.Property(path),ActivateWindow(1105)) + !String.IsEqual(ListItem.Property(path),ActivateWindow(1106)) + !String.IsEqual(ListItem.Property(path),ActivateWindow(1107)) + !String.IsEqual(ListItem.Property(path),ActivateWindow(1108)) + !String.IsEqual(ListItem.Property(path),ActivateWindow(1109)) + !String.IsEqual(ListItem.Property(path),ActivateWindow(1111))">SetProperty(ReturnWindow,ReplaceWindow(Home),Home)</onclick>

        <!-- Set the base ContainerFolderPath for window return from plugins -->
        <onclick condition="[String.Contains(ListItem.Property(path),ActivateWindow) | String.Contains(ListItem.Property(path),ReplaceWindow)]">SetProperty(ContainerFolderPath,$INFO[ListItem.Property(list)],home)</onclick>


        <onclick condition="!Window.IsVisible(settings)">$INFO[ListItem.Property(path)]</onclick>
        <onclick condition="Window.IsVisible(settings)">$INFO[ListItem.Property(altpath)]</onclick>
        <onclick condition="!Window.IsVisible(home) + !Window.IsVisible(SettingsCategory.xml) + !Window.IsVisible(FileManager.xml) + !Window.IsVisible(AddonBrowser.xml) + !Window.IsVisible(SkinSettings.xml) + !Window.IsVisible(SettingsProfile.xml) + !Window.IsVisible(SettingsSystemInfo.xml)">SetFocus(50)</onclick>
    </include>

    <include name="Topbar_OnFocus">
        <onfocus>ClearProperty(HideBottomBar,Home)</onfocus>
        <onfocus>SetProperty(ShowTopbar,1,Home)</onfocus>
        <onfocus>SetProperty(ShowInfobar,0,Home)</onfocus>
        <onfocus>ClearProperty(ContextModifier,Home)</onfocus>
        <onfocus>ClearProperty(ContextPosition,Home)</onfocus>
        <onfocus condition="$EXP[Expression_ReplaceWindowHome]">ReplaceWindow(Home)</onfocus>
    </include>

    <!-- ======== -->
    <!-- MainMenu -->
    <!-- ======== -->
    <include name="Topbar_MainMenu">
        <control type="group">
            <include>Topbar_MainMenu_Group</include>
            <include>Topbar_MainMenu_Home</include>
            <include>Topbar_MainMenu_Lines</include>
        </control>
    </include>

    <include name="Topbar_MainMenu_Group">
        <top>0</top>
        <left>0</left>
        <right>0</right>
        <height>80</height>
        <control type="image">
            <bottom>-24</bottom>
            <height>24</height>
            <width>100%</width>
            <texture flipy="false">common/shadow-line-24px.png</texture>
        </control>
        <control type="image">
            <animation effect="fade" start="100" end="80" condition="Skin.HasSetting(EnableTransparency)">Conditional</animation>
            <texture>common/gradient-solid.png</texture>
        </control>

    </include>

    <include name="Topbar_MainMenu_Lines">
        <control type="image">
            <top>0</top>
            <height>1</height>
            <texture colordiffuse="highlight_bottombar">common/white.png</texture>
        </control>
        <control type="image">
            <bottom>0</bottom>
            <height>1</height>
            <texture colordiffuse="darkline_topbar">common/white.png</texture>
            <animation effect="fade" start="100" end="25" condition="Skin.HasSetting(EnableTransparency)">Conditional</animation>
        </control>
    </include>

    <include name="Topbar_MainMenu_Home">
        <control type="list" id="300">
            <onfocus>SetProperty(MenuBarFocus,300,Home)</onfocus>
            <include>Topbar_OnClick</include>
            <include>Topbar_OnFocus</include>
            <include>Topbar_MainMenu_Movement</include>
            <include>Topbar_MainMenu_Layout</include>
            <include condition="![Window.IsVisible(settings) | Window.IsVisible(SettingsCategory.xml) | Window.IsVisible(FileManager.xml) | Window.IsVisible(AddonBrowser.xml) | Window.IsVisible(SkinSettings.xml) | Window.IsVisible(SettingsSystemInfo.xml) | Window.IsVisible(SettingsProfile.xml) | Window.IsVisible(EventLog.xml)]">Topbar_MainMenu_HomeItems</include>
            <include condition="[Window.IsVisible(settings) | Window.IsVisible(SettingsCategory.xml) | Window.IsVisible(FileManager.xml) | Window.IsVisible(AddonBrowser.xml) | Window.IsVisible(SkinSettings.xml) | Window.IsVisible(SettingsSystemInfo.xml) | Window.IsVisible(SettingsProfile.xml) | Window.IsVisible(EventLog.xml)]">Topbar_MainMenu_SettingsItems</include>
        </control>
    </include>

    <include name="Topbar_MainMenu_Layout">
        <height>80</height>
        <left>0</left>
        <right>0</right>
        <orientation>horizontal</orientation>
        <itemlayout height="80" width="320">
            <control type="label">
                <left>20</left>
                <right>20</right>
                <height>80</height>
                <label>$INFO[ListItem.Label]</label>
                <aligny>center</aligny>
                <align>center</align>
                <font>font_mainmenu</font>
                <textcolor>main_fg_70</textcolor>
                <shadowcolor>main_bg_30</shadowcolor>
            </control>
        </itemlayout>
        <focusedlayout height="80" width="320">
            <control type="group">
                <visible>!Control.HasFocus(300) + [!Control.HasFocus(302) | String.IsEqual(Window(Home).Property(ShowTopbar_Highlight),1)]</visible>
                <control type="label">
                    <left>20</left>
                    <right>20</right>
                    <height>80</height>
                    <label>$INFO[ListItem.Label]</label>
                    <aligny>center</aligny>
                    <align>center</align>
                    <font>font_mainmenu</font>
                    <textcolor>main_fg_70</textcolor>
                    <shadowcolor>main_bg_30</shadowcolor>
                </control>
            </control>
            <control type="group">
                <visible>!Control.HasFocus(300) + Control.HasFocus(302) + !String.IsEqual(Window(Home).Property(ShowTopbar_Highlight),1)</visible>
                <control type="label">
                    <left>20</left>
                    <right>20</right>
                    <height>80</height>
                    <label>$INFO[ListItem.Label]</label>
                    <aligny>center</aligny>
                    <align>center</align>
                    <font>font_mainmenu</font>
                    <textcolor>$VAR[ColorHighlight]</textcolor>
                    <shadowcolor>main_bg_30</shadowcolor>
                </control>
            </control>
            <control type="group">
                <visible>Control.HasFocus(300)</visible>
                <control type="group">
                    <control type="image">
                        <texture colordiffuse="$VAR[ColorHighlight]">common/gradient-diffuse.png</texture>
                    </control>
                </control>
                <control type="label">
                    <left>20</left>
                    <right>20</right>
                    <height>80</height>
                    <label>$INFO[ListItem.Label]</label>
                    <aligny>center</aligny>
                    <align>center</align>
                    <font>font_mainmenu</font>
                    <textcolor>Selected</textcolor>
                </control>
            </control>
        </focusedlayout>
    </include>

    <include name="Topbar_MainMenu_Movement">
        <ondown condition="!Integer.IsEqual(Container(302).NumItems,0) + Container(300).Position(0)">SetFocus(302,0)</ondown>
        <ondown condition="!Integer.IsEqual(Container(302).NumItems,0) + Container(300).Position(1)">SetFocus(302,1)</ondown>
        <ondown condition="!Integer.IsEqual(Container(302).NumItems,0) + Container(300).Position(2)">SetFocus(302,2)</ondown>
        <ondown condition="!Integer.IsEqual(Container(302).NumItems,0) + Container(300).Position(3)">SetFocus(302,3)</ondown>
        <ondown condition="!Integer.IsEqual(Container(302).NumItems,0) + Container(300).Position(4)">SetFocus(302,4)</ondown>
        <ondown condition="!Integer.IsEqual(Container(302).NumItems,0) + Container(300).Position(5)">SetFocus(302,5)</ondown>

        <ondown condition="Integer.IsEqual(Container(302).NumItems,0) + Window.IsVisible(home) + !Container(301).IsUpdating + Control.IsVisible(301)">301</ondown>
        <ondown condition="Integer.IsEqual(Container(302).NumItems,0) + Window.IsVisible(home) + [Container(301).IsUpdating | !Control.IsVisible(301)]">9400</ondown>
        <ondown condition="Integer.IsEqual(Container(302).NumItems,0) + Window.IsVisible(SettingsCategory.xml)">3</ondown>
        <ondown condition="Integer.IsEqual(Container(302).NumItems,0) + Window.IsVisible(FileManager.xml)">20</ondown>
        <ondown condition="Integer.IsEqual(Container(302).NumItems,0) + Window.IsVisible(SkinSettings.xml)">9100</ondown>
        <ondown condition="Integer.IsEqual(Container(302).NumItems,0) + Window.IsVisible(script-script.extendedinfo-VideoList.xml)">500</ondown>
        <ondown condition="Integer.IsEqual(Container(302).NumItems,0) + !Window.IsVisible(home) + !Window.IsVisible(SettingsCategory.xml) + !Window.IsVisible(SkinSettings.xml) + !Window.IsVisible(FileManager.xml) + !Window.IsVisible(script-script.extendedinfo-VideoList.xml)">50</ondown>

        <onup condition="Window.IsVisible(home) + !Container(301).IsUpdating + Control.IsVisible(301)">301</onup>
        <onup condition="!Window.IsVisible(home) + !Window.IsVisible(SettingsCategory.xml) + !Window.IsVisible(SkinSettings.xml) + !Window.IsVisible(FileManager.xml) + !Window.IsVisible(script-script.extendedinfo-VideoList.xml)">50</onup>
    </include>

    <include name="Topbar_MainMenu_HomeItems">
        <content><include>skinshortcuts-mainmenu</include></content>
    </include>

    <include name="Topbar_MainMenu_SettingsItems">
        <content>
            <item id="1">
                <label>14206</label>
                <icon>special://skin/extras/icons/swissarmy.png</icon>
                <onclick>ReplaceWindow(InterfaceSettings)</onclick>
                <property name="path">ReplaceWindow(InterfaceSettings)</property>
                <property name="altpath">ActivateWindow(InterfaceSettings)</property>
            </item>
            <item id="2">
                <label>14202</label>
                <icon>special://skin/extras/icons/tags.png</icon>
                <onclick>ReplaceWindow(MediaSettings)</onclick>
                <property name="path">ReplaceWindow(MediaSettings)</property>
                <property name="altpath">ActivateWindow(MediaSettings)</property>
            </item>
            <item id="3">
                <label>14200</label>
                <icon>special://skin/extras/icons/equalizer.png</icon>
                <onclick>ReplaceWindow(PlayerSettings)</onclick>
                <property name="path">ReplaceWindow(PlayerSettings)</property>
                <property name="altpath">ActivateWindow(PlayerSettings)</property>
            </item>
            <item id="5">
                <label>13000</label>
                <icon>special://skin/extras/icons/configure.png</icon>
                <onclick>ReplaceWindow(SystemSettings)</onclick>
                <property name="path">ReplaceWindow(SystemSettings)</property>
                <property name="altpath">ActivateWindow(SystemSettings)</property>
            </item>
            <item id="6">
                <label>14036</label>
                <icon>special://skin/extras/icons/network.png</icon>
                <onclick>ReplaceWindow(servicesettings)</onclick>
                <property name="path">ReplaceWindow(servicesettings)</property>
                <property name="altpath">ActivateWindow(servicesettings)</property>
            </item>
            <item id="4">
                <label>20077</label>
                <icon>special://skin/extras/icons/year.png</icon>
                <onclick>ReplaceWindow(SkinSettings)</onclick>
                <property name="path">ReplaceWindow(SkinSettings)</property>
                <property name="altpath">ActivateWindow(SkinSettings)</property>
            </item>
        </content>
    </include>

    <!-- ======= -->
    <!-- SubMenu -->
    <!-- ======= -->
    <include name="Topbar_SubMenu">
        <control type="group">
            <include>Topbar_SubMenu_Group</include>
            <include>Topbar_SubMenu_Home</include>
        </control>
    </include>

    <include name="Topbar_SubMenu_Group">
        <animation effect="slide" start="0,-40" end="0" time="400" tween="quadratic" easing="out" reversible="false" condition="$EXP[Expression_ShowTopbar]">Conditional</animation>
        <animation effect="slide" start="0" end="0,-40" time="400" tween="quadratic" easing="out" reversible="false" condition="!$EXP[Expression_ShowTopbar]">Conditional</animation>
        <include>Topbar_SubMenu_Group_Content</include>
    </include>

    <include name="Topbar_SubMenu_Group_Content">
        <top>80</top>
        <left>0</left>
        <right>0</right>
        <height>40</height>
        <control type="image">
            <bottom>-24</bottom>
            <height>24</height>
            <width>100%</width>
            <texture flipy="false">common/shadow-line-24px.png</texture>
        </control>
        <control type="image">
            <top>-100</top>
            <bottom>0</bottom>
            <texture colordiffuse="panel_bg">common/white.png</texture>
        </control>
    </include>

    <include name="Topbar_SubMenu_Home">
        <control type="panel" id="302">
            <visible allowhiddenfocus="true">$EXP[Expression_ShowTopbar]</visible>
            <animation effect="fade" start="0" end="100" time="300">VisibleChange</animation>
            <onfocus>SetProperty(MenuBarFocus,302,Home)</onfocus>
            <include>Topbar_OnClick</include>
            <include>Topbar_OnFocus</include>
            <include>Topbar_SubMenu_Movement</include>
            <include>Topbar_SubMenu_Layout</include>
            <include condition="![Window.IsVisible(settings) | Window.IsVisible(SettingsCategory.xml) | Window.IsVisible(FileManager.xml) | Window.IsVisible(AddonBrowser.xml) | Window.IsVisible(SkinSettings.xml) | Window.IsVisible(SettingsSystemInfo.xml) | Window.IsVisible(SettingsProfile.xml) | Window.IsVisible(EventLog.xml)]">Topbar_SubMenu_HomeItems</include>
            <include condition="[Window.IsVisible(settings) | Window.IsVisible(SettingsCategory.xml) | Window.IsVisible(FileManager.xml) | Window.IsVisible(AddonBrowser.xml) | Window.IsVisible(SkinSettings.xml) | Window.IsVisible(SettingsSystemInfo.xml) | Window.IsVisible(SettingsProfile.xml) | Window.IsVisible(EventLog.xml)]">Topbar_SubMenu_SettingsItems</include>
        </control>
    </include>

    <include name="Topbar_SubMenu_Layout">
        <height>40</height>
        <left>0</left>
        <right>0</right>
        <orientation>horizontal</orientation>
        <itemlayout height="40" width="320">
            <control type="label">
                <left>20</left>
                <right>20</right>
                <height>40</height>
                <label>$INFO[ListItem.Label]</label>
                <aligny>center</aligny>
                <align>center</align>
                <font>font_submenu</font>
                <textcolor>panel_fg_70</textcolor>
            </control>
        </itemlayout>
        <focusedlayout height="40" width="320">
            <control type="image">
                <texture colordiffuse="$VAR[ColorHighlight]">common/white.png</texture>
            </control>
            <control type="label">
                <left>20</left>
                <right>20</right>
                <height>40</height>
                <label>$INFO[ListItem.Label]</label>
                <aligny>center</aligny>
                <align>center</align>
                <font>font_submenu</font>
                <textcolor>Selected</textcolor>
            </control>
        </focusedlayout>
    </include>

    <include name="Topbar_SubMenu_Movement">
        <onup condition="[Window.IsVisible(Settings.xml) | Window.IsVisible(SettingsCategory.xml) | Window.IsVisible(FileManager.xml) | Window.IsVisible(AddonBrowser.xml) | Window.IsVisible(SkinSettings.xml) | Window.IsVisible(SettingsSystemInfo.xml) | Window.IsVisible(SettingsProfile.xml) | Window.IsVisible(EventLog.xml)] + Container(302).Position(0)">SetFocus(300,0)</onup>
        <onup condition="[Window.IsVisible(Settings.xml) | Window.IsVisible(SettingsCategory.xml) | Window.IsVisible(FileManager.xml) | Window.IsVisible(AddonBrowser.xml) | Window.IsVisible(SkinSettings.xml) | Window.IsVisible(SettingsSystemInfo.xml) | Window.IsVisible(SettingsProfile.xml) | Window.IsVisible(EventLog.xml)] + Container(302).Position(1)">SetFocus(300,1)</onup>
        <onup condition="[Window.IsVisible(Settings.xml) | Window.IsVisible(SettingsCategory.xml) | Window.IsVisible(FileManager.xml) | Window.IsVisible(AddonBrowser.xml) | Window.IsVisible(SkinSettings.xml) | Window.IsVisible(SettingsSystemInfo.xml) | Window.IsVisible(SettingsProfile.xml) | Window.IsVisible(EventLog.xml)] + Container(302).Position(2)">SetFocus(300,2)</onup>
        <onup condition="[Window.IsVisible(Settings.xml) | Window.IsVisible(SettingsCategory.xml) | Window.IsVisible(FileManager.xml) | Window.IsVisible(AddonBrowser.xml) | Window.IsVisible(SkinSettings.xml) | Window.IsVisible(SettingsSystemInfo.xml) | Window.IsVisible(SettingsProfile.xml) | Window.IsVisible(EventLog.xml)] + Container(302).Position(3)">SetFocus(300,3)</onup>
        <onup condition="[Window.IsVisible(Settings.xml) | Window.IsVisible(SettingsCategory.xml) | Window.IsVisible(FileManager.xml) | Window.IsVisible(AddonBrowser.xml) | Window.IsVisible(SkinSettings.xml) | Window.IsVisible(SettingsSystemInfo.xml) | Window.IsVisible(SettingsProfile.xml) | Window.IsVisible(EventLog.xml)] + Container(302).Position(4)">SetFocus(300,4)</onup>
        <onup condition="[Window.IsVisible(Settings.xml) | Window.IsVisible(SettingsCategory.xml) | Window.IsVisible(FileManager.xml) | Window.IsVisible(AddonBrowser.xml) | Window.IsVisible(SkinSettings.xml) | Window.IsVisible(SettingsSystemInfo.xml) | Window.IsVisible(SettingsProfile.xml) | Window.IsVisible(EventLog.xml)] + Container(302).Position(5)">SetFocus(300,5)</onup>
        <onup condition="![Window.IsVisible(Settings.xml) | Window.IsVisible(SettingsCategory.xml) | Window.IsVisible(FileManager.xml) | Window.IsVisible(AddonBrowser.xml) | Window.IsVisible(SkinSettings.xml) | Window.IsVisible(SettingsSystemInfo.xml) | Window.IsVisible(SettingsProfile.xml) | Window.IsVisible(EventLog.xml)]">300</onup>

        <ondown condition="Window.IsVisible(home) + !Container(301).IsUpdating + Control.IsVisible(301)">301</ondown>
        <ondown condition="Window.IsVisible(home) + [Container(301).IsUpdating | !Control.IsVisible(301)]">9400</ondown>
        <ondown condition="Window.IsVisible(SettingsCategory.xml)">3</ondown>
        <ondown condition="Window.IsVisible(FileManager.xml)">20</ondown>
        <ondown condition="Window.IsVisible(SkinSettings.xml)">9100</ondown>
        <ondown condition="Window.IsVisible(script-script.extendedinfo-VideoList.xml)">500</ondown>
        <ondown condition="!Window.IsVisible(home) + !Window.IsVisible(SettingsCategory.xml) + !Window.IsVisible(SkinSettings.xml) + !Window.IsVisible(FileManager.xml) + !Window.IsVisible(script-script.extendedinfo-VideoList.xml)">50</ondown>
    </include>

    <include name="Topbar_SubMenu_HomeItems">
        <content><include>skinshortcuts-submenu</include></content>
    </include>

    <include name="Topbar_SubMenu_SettingsItems">
        <content>
            <item id="7">
                <label>13200</label>
                <icon>special://skin/extras/icons/actor.png</icon>
                <onclick>ReplaceWindow(Profiles)</onclick>
                <property name="path">ReplaceWindow(Profiles)</property>
                <property name="altpath">ActivateWindow(Profiles)</property>
            </item>
            <item id="8">
                <label>24001</label>
                <icon>special://skin/extras/icons/addons.png</icon>
                <onclick>ReplaceWindow(AddonBrowser)</onclick>
                <property name="path">ReplaceWindow(AddonBrowser)</property>
                <property name="altpath">ActivateWindow(AddonBrowser)</property>
            </item>
            <item id="9">
                <label>130</label>
                <icon>special://skin/extras/icons/sysinfo.png</icon>
                <onclick>ReplaceWindow(7)</onclick>
                <property name="path">ReplaceWindow(7)</property>
                <property name="altpath">ActivateWindow(7)</property>
            </item>
            <item id="10">
                <label>19191</label>
                <icon>special://skin/extras/icons/livetv.png</icon>
                <onclick>ReplaceWindow(pvrsettings)</onclick>
                <property name="path">ReplaceWindow(pvrsettings)</property>
                <property name="altpath">ActivateWindow(pvrsettings)</property>
            </item>
            <item id="11">
                <label>7</label>
                <icon />
                <onclick>ReplaceWindow(filemanager)</onclick>
                <property name="path">ReplaceWindow(filemanager)</property>
                <property name="altpath">ActivateWindow(filemanager)</property>
            </item>
            <item id="12">
                <label>14114</label>
                <icon />
                <onclick>ReplaceWindow(eventlog)</onclick>
                <property name="path">ReplaceWindow(eventlog)</property>
                <property name="altpath">ActivateWindow(eventlog)</property>
            </item>
        </content>
    </include>
</includes>
