<?xml version="1.0" encoding="UTF-8"?>
<!-- Foundation -->
<window>
    <defaultcontrol always="true">9000</defaultcontrol>
    <onload>SetProperty(150_onback,SetFocus(9000))</onload>
    <onload>SetProperty(350_onback,SetFocus(9000))</onload>
    <onload>SetProperty(750_onback,SetFocus(9000))</onload>
    <onload>SetProperty(850_onback,SetFocus(9000))</onload>
    <onload>SetProperty(950_onback,SetFocus(9000))</onload>
    <onload>SetProperty(1000_onback,SetFocus(9000))</onload>
    <onload>SetProperty(1150_onback,SetFocus(9000))</onload>
    <onload>Dialog.Close(1112)</onload>
    <onload>ClearProperty(FocusedList,Home)</onload>
    <onunload>ClearProperty(FocusedList,Home)</onunload>
    <onunload>SetFocus(9000)</onunload>
    <controls>

        <include>Global_Background</include>
        <include>Bottombar_Plain</include>
        <control type="group">
            
            <control type="group">
                <visible allowhiddenfocus="true">String.IsEmpty(Window(Home).Property(FocusedList)) + !Control.IsVisible(1000) + !Control.IsVisible(150) + !Control.IsVisible(350) + !Control.IsVisible(750) + !Control.IsVisible(850) + !Control.IsVisible(950)</visible>
                <include>Animation_FadeIn</include>
                <include>Animation_FadeOut</include>
                <!-- Information Left Side-->
                <control type="grouplist">
                    <left>614</left>
                    <top>672</top>
                    <right>30</right>
                    <include>Dialog_Info_Details_Grouplist</include>
                    <!-- Director -->
                    <control type="group">
                        <height>32</height>
                        <visible>!String.IsEmpty(Window.Property(Director))</visible>
                        <control type="label">
                            <left>0</left>
                            <width>160</width>
                            <align>right</align>
                            <textcolor>main_fg_30</textcolor>
                            <font>Tiny</font>
                            <label>20339</label>
                            <aligny>top</aligny>
                        </control>
                        <control type="label">
                            <left>176</left>
                            <textcolor>main_fg_70</textcolor>
                            <font>Tiny</font>
                            <aligny>top</aligny>
                            <scroll>true</scroll>
                            <scrollsuffix> / </scrollsuffix>
                            <label fallback="19055">$INFO[Window.Property(Director)]</label>
                        </control>
                    </control>
                    <!-- Writer -->
                    <control type="group">
                        <height>32</height>
                        <visible>!String.IsEmpty(Window.Property(Writer))</visible>
                        <control type="label">
                            <left>0</left>
                            <width>160</width>
                            <align>right</align>
                            <textcolor>main_fg_30</textcolor>
                            <font>Tiny</font>
                            <label>20417</label>
                            <aligny>top</aligny>
                        </control>
                        <control type="label">
                            <left>176</left>
                            <textcolor>main_fg_70</textcolor>
                            <font>Tiny</font>
                            <aligny>top</aligny>
                            <scroll>true</scroll>
                            <scrollsuffix> / </scrollsuffix>
                            <label fallback="19055">$INFO[Window.Property(Writer)]</label>
                        </control>
                    </control>
                    <!-- Studio -->
                    <control type="group">
                        <height>32</height>
                        <visible>!String.IsEmpty(Window.Property(Studio))</visible>
                        <control type="label">
                            <left>0</left>
                            <width>160</width>
                            <align>right</align>
                            <textcolor>main_fg_30</textcolor>
                            <font>Tiny</font>
                            <label>572</label>
                            <aligny>top</aligny>
                        </control>
                        <control type="label">
                            <left>176</left>
                            <textcolor>main_fg_70</textcolor>
                            <font>Tiny</font>
                            <aligny>top</aligny>
                            <scroll>true</scroll>
                            <scrollsuffix> / </scrollsuffix>
                            <label fallback="19055">$INFO[Window.Property(Studio)]</label>
                        </control>
                    </control>
                    <!-- Genre -->
                    <control type="group">
                        <height>32</height>
                        <visible>!String.IsEmpty(Window.Property(Genre))</visible>
                        <control type="label">
                            <left>0</left>
                            <width>160</width>
                            <align>right</align>
                            <textcolor>main_fg_30</textcolor>
                            <font>Tiny</font>
                            <label>515</label>
                            <aligny>top</aligny>
                        </control>
                        <control type="label">
                            <left>176</left>
                            <textcolor>main_fg_70</textcolor>
                            <font>Tiny</font>
                            <aligny>top</aligny>
                            <scroll>true</scroll>
                            <scrollsuffix> / </scrollsuffix>
                            <label fallback="19055">$INFO[Window.Property(Genre)]</label>
                        </control>
                    </control>
                    <!-- MPAA Classification -->
                    <control type="group">
                        <height>32</height>
                        <visible>!String.IsEmpty(Window.Property(MPAA))</visible>
                        <control type="label">
                            <left>0</left>
                            <width>160</width>
                            <align>right</align>
                            <textcolor>main_fg_30</textcolor>
                            <font>Tiny</font>
                            <label>31284</label>
                            <aligny>top</aligny>
                        </control>
                        <control type="label">
                            <left>176</left>
                            <textcolor>main_fg_70</textcolor>
                            <font>Tiny</font>
                            <aligny>top</aligny>
                            <label fallback="19055">$INFO[Window.Property(MPAA)]</label>
                        </control>
                    </control>
                    <!-- Budget -->
                    <control type="group">
                        <height>32</height>
                        <visible>!String.IsEmpty(Window.Property(Budget))</visible>
                        <control type="label">
                            <left>0</left>
                            <width>160</width>
                            <align>right</align>
                            <textcolor>main_fg_30</textcolor>
                            <font>Tiny</font>
                            <label>$ADDON[script.extendedinfo 32109]</label>
                            <aligny>top</aligny>
                        </control>
                        <control type="label">
                            <left>176</left>
                            <textcolor>main_fg_70</textcolor>
                            <font>Tiny</font>
                            <aligny>top</aligny>
                            <label fallback="19055">$INFO[Window.Property(Budget),$,]</label>
                        </control>
                    </control>
                    <!-- Revenue -->
                    <control type="group">
                        <height>32</height>
                        <visible>!String.IsEmpty(Window.Property(Revenue))</visible>
                        <control type="label">
                            <left>0</left>
                            <width>160</width>
                            <align>right</align>
                            <textcolor>main_fg_30</textcolor>
                            <font>Tiny</font>
                            <label>$ADDON[script.extendedinfo 32108]</label>
                            <aligny>top</aligny>
                        </control>
                        <control type="label">
                            <left>176</left>
                            <textcolor>main_fg_70</textcolor>
                            <font>Tiny</font>
                            <aligny>top</aligny>
                            <label fallback="19055">$INFO[Window.Property(Revenue),$,]</label>
                        </control>
                    </control>
                </control>

                <!-- Buttons -->
                <control type="grouplist" id="9000">
                    <left>614</left>
                    <right>30</right>
                    <align>left</align>
                    <top>954</top>
                    <height>60</height>
                    <onup>RunScript(script.skin.helper.service,action=textviewer,header=$INFO[Window.Property(label)],message='"$VAR[Label_Plot]"')</onup>
                    <ondown>Close</ondown>
                    <include>Dialog_Info_Button_Grouplist</include>

                    <control type="button" id ="8">
                        <description>Play</description>
                        <label>208</label>
                        <onfocus>ClearProperty(FocusedList,Home)</onfocus>
                        <include>Dialog_Info_Buttons</include>
                        <visible>!String.IsEmpty(Window.Property(DBID)) + !String.IsEqual(Window.Property(Type),tvshow)</visible>
                        <visible>String.IsEmpty(Window(home).Property(globalsearch))</visible>
                        <visible>!Window.IsVisible(VideoFullScreen.xml)</visible>
                    </control>

                    <control type="button" id ="120">
                        <description>Browse</description>
                        <label>21385</label>
                        <onfocus>ClearProperty(FocusedList,Home)</onfocus>
                        <include>Dialog_Info_Buttons</include>
                        <visible>!String.IsEmpty(Window.Property(DBID)) + String.IsEqual(Window.Property(Type),tvshow)</visible>
                        <visible>String.IsEmpty(Window(home).Property(globalsearch))</visible>
                        <visible>!Window.IsVisible(VideoFullScreen.xml)</visible>
                    </control>

                    <control type="button" id ="9002">
                        <description>Cast</description>
                        <label>206</label>
                        <onfocus>ClearProperty(FocusedList,Home)</onfocus>
                        <include>Dialog_Info_Buttons</include>
                        <onclick>SetProperty(FocusedList,1000,Home)</onclick>
                        <onclick>SetProperty(VideoInfo_InfoLine,$INFO[Window.Property(label),$LOCALIZE[206] (,)],Home)</onclick>
                        <onclick>SetFocus(1000)</onclick>
                        <enable>Integer.IsGreater(Container(1000).NumItems,0)</enable>
                    </control>
                    
                    <control type="button" id ="9003">
                        <description>Similar</description>
                        <label>31206</label>
                        <onfocus>ClearProperty(FocusedList,Home)</onfocus>
                        <include>Dialog_Info_Buttons</include>
                        <onclick>SetProperty(FocusedList,150,Home)</onclick>
                        <onclick>SetProperty(VideoInfo_InfoLine,$INFO[Window.Property(label),$LOCALIZE[31206] (,)],Home)</onclick>
                        <onclick>SetFocus(150)</onclick>
                        <enable>Integer.IsGreater(Container(150).NumItems,0)</enable>
                    </control>
                    
                    <control type="button" id ="9004">
                        <description>Youtube</description>
                        <label>31141</label>
                        <onfocus>ClearProperty(FocusedList,Home)</onfocus>
                        <include>Dialog_Info_Buttons</include>
                        <onclick>SetProperty(FocusedList,350,Home)</onclick>
                        <onclick>SetProperty(VideoInfo_InfoLine,$INFO[Window.Property(label),$LOCALIZE[31141] (,)],Home)</onclick>
                        <onclick>SetFocus(350)</onclick>
                        <enable>Integer.IsGreater(Container(350).NumItems,0)</enable>
                    </control>
                    

                    <control type="button" id ="9005">
                        <description>Crew</description>
                        <label>$ADDON[script.extendedinfo 32115]</label>
                        <onfocus>ClearProperty(FocusedList,Home)</onfocus>
                        <include>Dialog_Info_Buttons</include>
                        <onclick>SetProperty(FocusedList,750,Home)</onclick>
                        <onclick>SetProperty(VideoInfo_InfoLine,$INFO[Window.Property(label), (,)],Home)</onclick>
                        <onclick>SetFocus(750)</onclick>
                        <enable>Integer.IsGreater(Container(750).NumItems,0)</enable>
                    </control>
                    
                    <control type="button" id ="9006">
                        <description>Genres</description>
                        <label>135</label>
                        <onfocus>ClearProperty(FocusedList,Home)</onfocus>
                        <include>Dialog_Info_Buttons</include>
                        <onclick>SetProperty(FocusedList,850,Home)</onclick>
                        <onclick>SetProperty(VideoInfo_InfoLine,$INFO[Window.Property(label),$LOCALIZE[135] (,)],Home)</onclick>
                        <onclick>SetFocus(850)</onclick>
                        <enable>Integer.IsGreater(Container(850).NumItems,0)</enable>
                    </control>

                    <control type="button" id ="9007">
                        <description>Keywords</description>
                        <label>$ADDON[script.extendedinfo 32114]</label>
                        <onfocus>ClearProperty(FocusedList,Home)</onfocus>
                        <include>Dialog_Info_Buttons</include>
                        <onclick>SetProperty(FocusedList,950,Home)</onclick>
                        <onclick>SetProperty(VideoInfo_InfoLine,$INFO[Window.Property(label),$ADDON[script.extendedinfo 32114] (,)],Home)</onclick>
                        <onclick>SetFocus(950)</onclick>
                        <enable>Integer.IsGreater(Container(950).NumItems,0)</enable>
                        <visible>!System.HasAddon(plugin.video.trakt_list_manager)</visible>
                    </control>

                    <control type="button" id ="9009">
                        <description>Add to trakt</description>
                        <onfocus>ClearProperty(FocusedList,Home)</onfocus>
                        <include>Dialog_Info_Buttons</include>
                        <onclick>XBMC.RunPlugin(plugin://plugin.video.trakt_list_manager/movies/add?title=$INFO[Window.Property(label)])</onclick>
                        <label>Trakt</label>
                        <visible>System.HasAddon(plugin.video.trakt_list_manager)</visible>
                    </control>

                    <control type="button" id ="445">
                        <description>Manage</description>
                        <onfocus>ClearProperty(FocusedList,Home)</onfocus>
                        <include>Dialog_Info_Buttons</include>
                        <label>$ADDON[script.extendedinfo 32133]</label>
                    </control>
                </control>
            </control>
        </control>

        <control type="group" id="9500">
            <bottom>0</bottom>
            <left>534</left>
            <right>0</right>
            <height>420</height>
            <!-- Cast -->
            <control type="fixedlist" id="1000">
                <visible allowhiddenfocus="true">String.IsEqual(Window(Home).Property(FocusedList),1000) | Control.HasFocus(1000)</visible>
                <include>Animation_FadeIn</include>
                <include>Animation_FadeOut</include>
                <include>View_Info_Movement</include>
                <animation effect="fade" start="100" end="0" time="0" condition="Container(1000).IsUpdating">Conditional</animation>
                <include content="View_Actor_Layout">
                    <param name="id" value="1000" />
                    <param name="label2" value="$INFO[ListItem.Property(character)]" />
                </include>
            </control>
            <include content="Dialog_VideoInfo_BusyIndicator">
                <param name="id" value="1000" />
            </include>
            <!-- Similar -->
            <control type="fixedlist" id="150">
                <visible allowhiddenfocus="true">String.IsEqual(Window(Home).Property(FocusedList),150) | Control.HasFocus(150)</visible>
                <include>Animation_FadeIn</include>
                <include>Animation_FadeOut</include>
                <include>View_Info_Movement</include>
                <animation effect="fade" start="100" end="0" time="0" condition="Container(150).IsUpdating">Conditional</animation>
                <include content="View_Posters_Layout">
                    <param name="id" value="150" />
                </include>
            </control>
            <include content="Dialog_VideoInfo_BusyIndicator">
                <param name="id" value="150" />
            </include>
            <!-- Youtube -->
            <control type="fixedlist" id="350">
                <visible allowhiddenfocus="true">String.IsEqual(Window(Home).Property(FocusedList),350) | Control.HasFocus(350)</visible>
                <include>Animation_FadeIn</include>
                <include>Animation_FadeOut</include>
                <include>View_Info_Movement</include>
                <animation effect="fade" start="100" end="0" time="0" condition="Container(350).IsUpdating">Conditional</animation>
                <include content="View_Landscape_Layout">
                    <param name="id" value="350" />
                </include>
            </control>
            <include content="Dialog_VideoInfo_BusyIndicator">
                <param name="id" value="350" />
            </include>
            <!-- Crew -->
            <control type="fixedlist" id="750">
                <visible allowhiddenfocus="true">String.IsEqual(Window(Home).Property(FocusedList),750) | Control.HasFocus(750)</visible>
                <include>Animation_FadeIn</include>
                <include>Animation_FadeOut</include>
                <include>View_Info_Movement</include>
                <animation effect="fade" start="100" end="0" time="0" condition="Container(750).IsUpdating">Conditional</animation>
                <include content="View_Actor_Layout">
                    <param name="id" value="750" />
                    <param name="label2" value="$INFO[ListItem.Property(job)]" />
                </include>
            </control>
            <include content="Dialog_VideoInfo_BusyIndicator">
                <param name="id" value="750" />
            </include>
            <!-- Genres -->
            <control type="fixedlist" id="850">
                <visible allowhiddenfocus="true">String.IsEqual(Window(Home).Property(FocusedList),850) | Control.HasFocus(850)</visible>
                <include>Animation_FadeIn</include>
                <include>Animation_FadeOut</include>
                <include>View_Info_Movement_Horizontal</include>
                <animation effect="fade" start="100" end="0" time="0" condition="Container(850).IsUpdating">Conditional</animation>
                <include content="View_List_Layout">
                    <param name="id" value="850" />
                </include>
            </control>
            <include content="Dialog_VideoInfo_BusyIndicator">
                <param name="id" value="850" />
            </include>
            <!-- Keywords -->
            <control type="fixedlist" id="950">
                <visible allowhiddenfocus="true">String.IsEqual(Window(Home).Property(FocusedList),950) | Control.HasFocus(950)</visible>
                <include>Animation_FadeIn</include>
                <include>Animation_FadeOut</include>
                <include>View_Info_Movement_Horizontal</include>
                <animation effect="fade" start="100" end="0" time="0" condition="Container(950).IsUpdating">Conditional</animation>
                <include content="View_List_Layout">
                    <param name="id" value="950" />
                </include>
            </control>
            <include content="Dialog_VideoInfo_BusyIndicator">
                <param name="id" value="950" />
            </include>
        </control>

        <control type="group">
            <left>SidePad</left>
            <bottom>78</bottom>
            <width>504</width>
            <height>756</height>
            <control type="image">
                <centerbottom>0</centerbottom>
                <width>100%</width>
                <height>48</height>
                <aspectratio>stretch</aspectratio>
                <texture border="24,12,24,12">diffuse/shadowspot.png</texture>
            </control>
            <control type="image">
                <fadetime>0</fadetime>
                <include>Defs_Shadow_Opaque</include>
                <aspectratio aligny="bottom">scale</aspectratio>
                <texture colordiffuse="PosterBack">common/white.png</texture>
            </control>
            <control type="image">
                <fadetime>0</fadetime>
                <include>Defs_Shadow_Opaque</include>
                <aspectratio aligny="bottom">scale</aspectratio>
                <texture fallback="DefaultAddonImages.png">$VAR[Image_Poster_ExtendedInfo]</texture>
            </control>
        </control> 

        <control type="scrollbar" id="60">
            <onback>9500</onback>
            <onup>9500</onup>
            <ondown>9000</ondown>
            <left>614</left>
            <width>1226</width>
            <bottom>94</bottom>
            <orientation>horizontal</orientation>
            <height>8</height>
            <texturesliderbackground colordiffuse="main_fg_12">osd/progress-end.png</texturesliderbackground>
            <texturesliderbar colordiffuse="main_fg_30">osd/progress-end.png</texturesliderbar>
            <texturesliderbarfocus colordiffuse="$VAR[ColorHighlight]">osd/progress-end.png</texturesliderbarfocus>
            <animation effect="fade" start="100" end="33" time="400" condition="!Control.HasFocus(60) + !Container.Scrolling">Conditional</animation>
            <include>Animation_FadeIn</include>
            <include>Animation_FadeOut</include>
            <visible>!String.IsEmpty(Window(Home).Property(FocusedList))</visible>
            <visible>[Control.IsVisible(150) + !Container(150).IsUpdating] | [Control.IsVisible(250) + !Container(250).IsUpdating] | [Control.IsVisible(350) + !Container(350).IsUpdating] | [Control.IsVisible(750) + !Container(750).IsUpdating] | [Control.IsVisible(1000) + !Container(1000).IsUpdating]</visible>
        </control>
        <include>Statusbar_Info_Clock</include>

        <!-- Dummy Lists -->
        <control type="list" id="250"><visible>false</visible></control>
        <control type="list" id="450"><visible>false</visible></control>
        <control type="list" id="550"><visible>false</visible></control>
        <control type="list" id="650"><visible>false</visible></control>
        <control type="list" id="1050"><visible>false</visible></control>
        <control type="list" id="1150"><visible>false</visible></control>
        <control type="list" id="1250"><visible>false</visible></control>
        <control type="list" id="1350"><visible>false</visible></control>
        <control type="list" id="1450"><visible>false</visible></control>
    </controls>

</window>
