<?xml version="1.0" encoding="UTF-8" standalone="yes"?>
<addon id="script.module.ptw" name="PTW Module" version="2019.01.13.1" provider-name="PTW">
	<requires>
		<import addon="xbmc.python" version="2.1.0" />
		<import addon="script.module.beautifulsoup4"/>
		<import addon="script.module.requests"/>
	</requires>
	<extension point="xbmc.python.module" library="lib" />
	<extension point="xbmc.addon.metadata">
		<platform>all</platform>
		<summary lang="en">PTW</summary>
	</extension>
</addon>
