<?xml version="1.0" encoding="UTF-8"?>
<addon id="plugin.video.shinden"
       version="2019.01.17.0"
       name="Shinden"
       provider-name="-">
    <requires>
        <import addon="xbmc.python" version="2.25.0"/>
        <import addon="script.module.ptw"/>
        <import addon="script.module.resolveurl"/>
        <import addon="script.module.requests"/>
        <import addon="script.module.pyxbmct"/>
    </requires>
    <extension point="xbmc.python.pluginsource" library="main.py">
        <provides>video</provides>
    </extension>
    <extension point="xbmc.addon.metadata">
        <summary lang="en">Shinden Plugin Wideo</summary>
        <description lang="en_GB">Plugin z Shinden</description>
        <disclaimer lang="en_GB">Wszelkie treści multimedialne są własnością Shinden. Wtyczka tworzona na potrzeby
            prywatne.
        </disclaimer>
        <assets>
            <icon>icon.png</icon>
            <fanart>fanart.png</fanart>
        </assets>
    </extension>
</addon>