<?xml version="1.0" encoding="UTF-8"?>
<addon id="plugin.video.BajkiPoPolsku"
version="2018.07.26.0"
name="Bajki po polsku"
provider-name="-">
<requires>
  <import addon="xbmc.python" version="2.25.0"/>
  <import addon="script.module.ptw" />
  <import addon="script.module.resolveurl" />
  <import addon="script.module.requests"/>
</requires>
<extension point="xbmc.python.pluginsource" library="main.py">
  <provides>video</provides>
</extension>
<extension point="xbmc.addon.metadata">
  <summary lang="en">BajkiPoPolsku Plugin Wideo</summary>
  <description lang="en_GB">Plugin z BajkiPoPolsku</description>
  <assets>
    <icon>icon.png</icon>
    <fanart>fanart.jpg</fanart>
  </assets>
</extension>
</addon>