<?xml version="1.0" encoding="UTF-8"?>
<addon id="plugin.video.BajkiOnline"
version="1.0"
name="Bajki online"
provider-name="GalAnonim">
<requires>
  <import addon="xbmc.python" version="2.25.0"/>
  <import addon="script.module.resolveurl" />
  <import addon="script.module.requests"/>
</requires>
<extension point="xbmc.python.pluginsource" library="main.py">
  <provides>video</provides>
</extension>
<extension point="xbmc.addon.metadata">
  <summary lang="en">BajkiOnline Plugin Wideo</summary>
  <description lang="en_GB">Plugin z BajkiOnline</description>
  <assets>
    <icon>icon.png</icon>
  </assets>
</extension>
</addon>