<?xml version="1.0" encoding="UTF-8" standalone="yes"?>
<addon id="script.fanfilm.lite.metadata" version="1.0.4" name="FanFilm Lite Metadata" provider-name="fanfilm">
	<requires>
		<import addon="xbmc.python" version="2.19.0"/>
	</requires>
	<extension point="xbmc.python.module" library="lib" />
	<extension point="xbmc.addon.metadata">
		<summary>Metadata for the fanfilm Addon</summary>
		<description>Metadata for fanfilm are maintained separately to make distribution of the the addon itself easier/faster.</description>
		<platform>all</platform>
	</extension>
</addon>
