<?xml version="1.0" encoding="UTF-8"?>
<addon id="plugin.video.wbijampl"
version="0.4"
name="Wbijam.pl"
provider-name="-">
<requires>
  <import addon="xbmc.python" version="2.25.0"/>
  <import addon="script.module.ptw" />
  <import addon="script.module.resolveurl" />
  <import addon="script.module.requests"/>
</requires>
<extension point="xbmc.python.pluginsource" library="main.py">
  <provides>video</provides>
</extension>
<extension point="xbmc.addon.metadata">
  <summary lang="en">Wbijam Plugin Wideo</summary>
  <description lang="en_GB">Plugin z Wbijam.pl</description>
  <assets>
    <icon>icon.png</icon>
    <fanart>fanart.jpg</fanart>
  </assets>
  <news>fix</news>
</extension>
</addon>