﻿<?xml version="1.0" encoding="UTF-8" standalone="yes"?>
<addon id="plugin.video.fanfilm" name="FanFilm - MrKnow"  version="2018.06.01" provider-name="G+T" >
<requires>
  <import addon="xbmc.python" version="2.1.0" />
  <import addon="script.module.requests"/>
  <import addon="script.module.metahandler" />
  <import addon="script.module.beautifulsoup4"/>
  <import addon="script.pair" optional="true" />
  <import addon="plugin.video.youtube" optional="true" />
  <import addon="plugin.video.playlistLoader" optional="true" />
  <import addon="plugin.program.super.favourites" optional="true" />
  <import addon="script.module.resolveurl" />
  <import addon="script.fanfilm.media" />
  <import addon="script.fanfilm.metadata" />
</requires>
<extension point="xbmc.python.pluginsource" library="default.py">
  <provides>video</provides>
</extension>
<extension point="xbmc.service" library="service.py" start="startup" />
<extension point="xbmc.addon.metadata">
  <summary lang="en">FanFilm - MrKnow</summary>
  <description lang="en_GB">Plugin z filmami i serialami</description>
  <disclaimer lang="en_GB">Wszelkie treści multimedialne są własnością serwisów trzecich. Wtyczka agreguje tylko treści znalezione w internecie. Wtyczka tworzona na potrzeby prywywatne.</disclaimer>
  <assets>
    <icon>icon.png</icon>
  </assets>
</extension>
</addon>