<?xml version="1.0" encoding="UTF-8"?>
<window>
	<defaultcontrol always="true">90001</defaultcontrol>
	<onunload>ClearProperty(skinshortcuts-management-widget,10000)</onunload>
	<controls>
		<control type="group">
			<visible>String.IsEmpty(Window.Property(additionalDialog))</visible>
			<top>59</top>
			<control type="list" id="211">
				<left>82</left>
				<top>32</top>
				<width>356</width>
				<height>810</height>
				<onright>90001</onright>
				<onup>211</onup>
				<ondown>211</ondown>
				<scrolltime tween="quadratic" easing="out">200</scrolltime>
				<include>SettingsFadeAnimation</include>
				<itemlayout height="90" width="356">
					<control type="image">
						<top>30</top>
						<width>356</width>
						<height>60</height>
						<texture border="1">separator2.png</texture>
					</control>
					<control type="label">
						<width>356</width>
						<height>90</height>
						<font>font15_title</font>
						<textoffsetx>20</textoffsetx>
						<textcolor>grey2</textcolor>
						<selectedcolor>$VAR[ThemeLabelColor]</selectedcolor>
						<align>right</align>
						<label>$VAR[ShortcutsDisabledVar]$INFO[ListItem.Label]</label>
						<visible>!String.IsEqual(Skin.String(MainMenu.Layout),10)</visible>
					</control>
					<control type="label">
						<left>50</left>
						<width>306</width>
						<height>90</height>
						<font>font15_title</font>
						<textoffsetx>20</textoffsetx>
						<textcolor>grey2</textcolor>
						<selectedcolor>$VAR[ThemeLabelColor]</selectedcolor>
						<align>right</align>
						<label>$VAR[ShortcutsDisabledVar]$INFO[ListItem.Label]</label>
						<visible>String.IsEqual(Skin.String(MainMenu.Layout),10)</visible>
					</control>
					<control type="image">
						<top>10</top>
						<width>66</width>
						<height>66</height>
						<texture colordiffuse="grey2">$INFO[ListItem.Icon]</texture>
						<visible>String.IsEqual(Window.Property(groupname),mainmenu) + String.IsEqual(Skin.String(MainMenu.Layout),10)</visible>
					</control>
				</itemlayout>
				<focusedlayout height="90" width="356">
					<control type="image">
						<top>30</top>
						<width>356</width>
						<height>60</height>
						<texture border="1">separator2.png</texture>
					</control>
					<control type="image">
						<width>356</width>
						<height>90</height>
						<texture colordiffuse="$VAR[HighlightBarColor]" border="4">listselect_fo.png</texture>
						<animation effect="fade" start="100" end="40" time="300" tween="sine" easing="inout" condition="!Control.HasFocus(211)">Conditional</animation>
					</control>
					<control type="label">
						<width>356</width>
						<height>90</height>
						<font>font15_title</font>
						<textoffsetx>20</textoffsetx>
						<textcolor>white</textcolor>
						<selectedcolor>$VAR[ThemeLabelColor]</selectedcolor>
						<align>right</align>
						<label>$VAR[ShortcutsDisabledVar]$INFO[ListItem.Label]</label>
						<visible>!String.IsEqual(Skin.String(MainMenu.Layout),10)</visible>
						<animation effect="fade" start="100" end="50" time="300" tween="sine" easing="inout" condition="!Control.HasFocus(211)">Conditional</animation>
					</control>
					<control type="label">
						<left>50</left>
						<width>306</width>
						<height>90</height>
						<font>font15_title</font>
						<textoffsetx>20</textoffsetx>
						<textcolor>white</textcolor>
						<selectedcolor>$VAR[ThemeLabelColor]</selectedcolor>
						<align>right</align>
						<label>$VAR[ShortcutsDisabledVar]$INFO[ListItem.Label]</label>
						<visible>String.IsEqual(Skin.String(MainMenu.Layout),10)</visible>
						<animation effect="fade" start="100" end="50" time="300" tween="sine" easing="inout" condition="!Control.HasFocus(211)">Conditional</animation>
					</control>
					<control type="image">
						<top>10</top>
						<width>66</width>
						<height>66</height>
						<texture>$INFO[ListItem.Icon]</texture>
						<visible>String.IsEqual(Window.Property(groupname),mainmenu) + String.IsEqual(Skin.String(MainMenu.Layout),10)</visible>
						<animation effect="fade" start="100" end="50" time="300" tween="sine" easing="inout" condition="!Control.HasFocus(211)">Conditional</animation>
					</control>
				</focusedlayout>
			</control>
			<control type="scrollbar" id="60">
				<left>1838</left>
				<top>32</top>
				<width>14</width>
				<height>955</height>
				<onleft>90001</onleft>
				<onright>211</onright>
				<ondown>60</ondown>
				<onup>60</onup>
				<showonepage>false</showonepage>
				<texturesliderbackground />
				<texturesliderbar colordiffuse="55ffffff" border="1">scrollbar/texturesliderbar2.png</texturesliderbar>
				<texturesliderbarfocus border="1">scrollbar/texturesliderbar2.png</texturesliderbarfocus>
			</control>
			<control type="grouplist" id="90001">
				<description>control area</description>
				<left>522</left>
				<top>32</top>
				<width>1316</width>
				<height>957</height>
				<onleft>211</onleft>
				<onright>60</onright>
				<onup>90001</onup>
				<ondown>90001</ondown>
				<pagecontrol>60</pagecontrol>
				<visible>![ControlGroup(6000).HasFocus | Control.HasFocus(6001) | ControlGroup(7000).HasFocus | Control.HasFocus(7001)]</visible>
				<control type="button" id="401">
					<description>Choose shortcut</description>
					<width>1316</width>
					<height>79.75</height>
					<textoffsetx>30</textoffsetx>
					<font>font15</font>
					<label>$ADDON[script.skinshortcuts 32048]</label>
					<texturenofocus border="1">separator5.png</texturenofocus>
				</control>
				<control type="button" id="305">
					<description>Change label</description>
					<width>1316</width>
					<height>79.75</height>
					<textoffsetx>30</textoffsetx>
					<font>font15</font>
					<label>$ADDON[script.skinshortcuts 32025]</label>
					<label2>$INFO[Container(211).ListItem.Label]</label2>
					<texturenofocus border="1">separator5.png</texturenofocus>
				</control>
				<control type="button" id="307">
					<description>Change action</description>
					<width>1316</width>
					<height>79.75</height>
					<textoffsetx>30</textoffsetx>
					<font>font15</font>
					<label>$ADDON[script.skinshortcuts 32027]</label>
					<label2>$INFO[Container(211).ListItem.Property(displaypath)]</label2>
					<texturenofocus border="1">separator5.png</texturenofocus>
				</control>
				<control type="button" id="405">
					<description>Edit submenu</description>
					<width>1316</width>
					<height>79.75</height>
					<textoffsetx>30</textoffsetx>
					<font>font15</font>
					<label>$LOCALIZE[31080]</label>
					<visible>String.IsEqual(Window.Property(groupname),mainmenu)</visible>
					<texturenofocus border="1">separator5.png</texturenofocus>
				</control>
				<control type="button" id="310">
					<description>Change background</description>
					<width>1316</width>
					<height>79.75</height>
					<textoffsetx>30</textoffsetx>
					<font>font15</font>
					<label>$ADDON[script.skinshortcuts 32045]</label>
					<label2>$INFO[Window.Property(backgroundName)]</label2>
					<onclick condition="!Skin.HasSetting(WarnedOnFileManager)">SetProperty(Notify,True,home)</onclick>
					<onclick condition="!Skin.HasSetting(WarnedOnFileManager)">SetProperty(NotifyFileManager,True,home)</onclick>
					<texturenofocus border="1">separator5.png</texturenofocus>
				</control>
				<control type="button" id="510">
					<description>Choose infoline</description>
					<width>1316</width>
					<height>79.75</height>
					<textoffsetx>30</textoffsetx>
					<font>font15</font>
					<label>$LOCALIZE[31049]</label>
					<label2>$INFO[Container(211).ListItem.Property(InfoLine)]</label2>
					<visible>String.IsEqual(Window.Property(groupname),mainmenu)</visible>
					<onclick>SetProperty(chooseProperty,InfoLine)</onclick>
					<onclick>SendClick(404)</onclick>
					<texturenofocus border="1">separator5.png</texturenofocus>
				</control>
				<control type="button" id="800">
					<description>Widget 1</description>
					<width>1316</width>
					<height>79.75</height>
					<textoffsetx>30</textoffsetx>
					<font>font15</font>
					<label>$ADDON[script.skinshortcuts 32044] 1</label>
					<label2>$VAR[Widget1DisplayTitleVar]</label2>
					<onclick>SetProperty(skinshortcuts-management-widget,1,10000)</onclick>
					<onclick>Control.SetFocus(1001)</onclick>
					<visible>String.IsEqual(Window.Property(groupname),mainmenu)</visible>
					<texturenofocus border="1">separator5.png</texturenofocus>
				</control>
				<control type="button" id="406">
					<description>Setup custom widget 1</description>
					<width>1316</width>
					<height>79.75</height>
					<textoffsetx>30</textoffsetx>
					<font>font15</font>
					<label>31760</label>
					<visible>String.IsEqual(Window.Property(widgetType),custom)</visible>
				</control>
				<control type="button" id="801">
					<description>Widget 2</description>
					<width>1316</width>
					<height>79.75</height>
					<textoffsetx>30</textoffsetx>
					<font>font15</font>
					<label>$ADDON[script.skinshortcuts 32044] 2</label>
					<label2>$VAR[Widget2DisplayTitleVar]</label2>
					<onclick>SetProperty(skinshortcuts-management-widget,2,10000)</onclick>
					<onclick>Control.SetFocus(2001)</onclick>
					<visible>String.IsEqual(Window.Property(groupname),mainmenu)</visible>
					<texturenofocus border="1">separator5.png</texturenofocus>
				</control>
				<control type="button" id="407">
					<description>Setup custom widget 2</description>
					<width>1316</width>
					<height>79.75</height>
					<textoffsetx>30</textoffsetx>
					<font>font15</font>
					<label>31761</label>
					<visible>String.IsEqual(Window.Property(widgetType.2),custom)</visible>
				</control>
				<control type="radiobutton" id="519">
					<description>Show Live TV Widget</description>
					<width>1316</width>
					<height>79.75</height>
					<textoffsetx>30</textoffsetx>
					<font>font15</font>
					<label>$LOCALIZE[31273]</label>
					<onclick condition="!String.IsEmpty(Container(211).ListItem.Property(widgetLiveTV))">SetProperty(customProperty,widgetLiveTV)</onclick>
					<onclick condition="String.IsEmpty(Container(211).ListItem.Property(widgetLiveTV))">SetProperty(customProperty,widgetLiveTV)</onclick>
					<onclick condition="String.IsEmpty(Container(211).ListItem.Property(widgetLiveTV))">SetProperty(customValue,true)</onclick>
					<onclick>SendClick(404)</onclick>
					<selected>!String.IsEmpty(Container(211).ListItem.Property(widgetLiveTV))</selected>
					<visible>String.IsEqual(Window.Property(groupname),mainmenu)</visible>
					<texturenofocus border="1">separator5.png</texturenofocus>
				</control>
				<control type="radiobutton" id="313">
					<description>Disable shortcut</description>
					<width>1316</width>
					<height>79.75</height>
					<textoffsetx>30</textoffsetx>
					<font>font15</font>
					<label>$LOCALIZE[24021]</label>
					<selected>String.IsEqual(Container(211).ListItem.Property(skinshortcuts-disabled),True)</selected>
					<texturenofocus border="1">separator5.png</texturenofocus>
				</control>
				<control type="button" id="303">
					<description>Move up</description>
					<width>1316</width>
					<height>79.75</height>
					<textoffsetx>30</textoffsetx>
					<font>font15</font>
					<texturenofocus border="1">separator5.png</texturenofocus>
				</control>
				<control type="button" id="304">
					<description>Move down</description>
					<width>1316</width>
					<height>79.75</height>
					<textoffsetx>30</textoffsetx>
					<font>font15</font>
					<texturenofocus border="1">separator5.png</texturenofocus>
				</control>
				<control type="button" id="301">
					<description>Add shortcut</description>
					<width>1316</width>
					<height>79.75</height>
					<textoffsetx>30</textoffsetx>
					<font>font15</font>
					<label>$ADDON[script.skinshortcuts 32000]</label>
					<texturenofocus border="1">separator5.png</texturenofocus>
				</control>
				<control type="button" id="302">
					<description>Delete shortcut</description>
					<width>1316</width>
					<height>79.75</height>
					<textoffsetx>30</textoffsetx>
					<font>font15</font>
					<texturenofocus border="1">separator5.png</texturenofocus>
				</control>
				<control type="button" id="308">
					<description>Restore shortcuts</description>
					<width>1316</width>
					<height>79.75</height>
					<textoffsetx>30</textoffsetx>
					<font>font15</font>
					<label>$ADDON[script.skinshortcuts 32028]</label>
					<texturenofocus border="1">separator5.png</texturenofocus>
					<visible>!String.Contains(Window.Property(groupname),.1,right)</visible>
				</control>
			</control>
		</control>
		<!-- Widget Settings -->
		<control type="group">
			<top>59</top>
			<visible>[ControlGroup(6000).HasFocus | Control.HasFocus(6001) | ControlGroup(7000).HasFocus | Control.HasFocus(7001)]</visible>
			<animation type="Visible" reversible="false">
				<effect type="fade" end="100" time="150" />
			</animation>
			<!-- Widget 1 -->
			<control type="group">
				<visible>String.IsEqual(Window(home).Property(skinshortcuts-management-widget),1)</visible>
				<control type="button" id="6001">
					<top>-59</top>
					<width>100%</width>
					<height>1139</height>
					<onclick>back</onclick>
					<texturefocus />
					<texturenofocus />
					<onleft>6000</onleft>
					<onright>6000</onright>
					<onup>6000</onup>
					<ondown>6000</ondown>
				</control>
				<control type="grouplist" id="6000">
					<left>522</left>
					<top>32</top>
					<width>1316</width>
					<height>810</height>
					<onup>6000</onup>
					<ondown>6000</ondown>
					<scrolltime tween="quadratic" easing="out">200</scrolltime>
					<control type="button" id="1001">
						<description>Change widget style 1</description>
						<include>SettingsButtonCommonValues</include>
						<label>31701</label>
						<label2>$VAR[WidgetStyleLabelVar]</label2>
					</control>
					<control type="button" id="312">
						<description>Change widget 1</description>
						<include>SettingsButtonCommonValues</include>
						<label>$ADDON[script.skinshortcuts 32044]</label>
						<label2>$INFO[Window.Property(widgetName)]</label2>
						<onclick>SetProperty(customProperty,widgetArt)</onclick>
						<onclick>SendClick(404)</onclick>
						<visible>!String.IsEmpty(Window.Property(widgetStyle))</visible>
					</control>
					<control type="button" id="1004">
						<description>Change widget art 1</description>
						<include>SettingsButtonCommonValues</include>
						<label>$LOCALIZE[31706]</label>
						<label2>$VAR[WidgetArtLabelVar]</label2>
						<visible>[!IsEmpty(Window.Property(widgetPath)) + !String.IsEmpty(Window.Property(widgetStyle))] + [!String.IsEqual(Window.Property(widgetType),system) | !String.Contains(Window.Property(widgetStyle),List)]</visible>
					</control>
					<control type="button" id="1008">
						<description>Change widget case 1</description>
						<include>SettingsButtonCommonValues</include>
						<label>$LOCALIZE[31707]</label>
						<label2>$VAR[WidgetCaseLabelVar]</label2>
						<visible>[!IsEmpty(Window.Property(widgetPath)) + !String.IsEmpty(Window.Property(widgetStyle))] + [!String.IsEqual(Window.Property(widgetType),system) | !String.Contains(Window.Property(widgetStyle),List)]</visible>
					</control>
					<control type="button" id="1002">
						<description>Change widget background 1</description>
						<include>SettingsButtonCommonValues</include>
						<label>31702</label>
						<label2>$VAR[WidgetBackgroundLabelVar]</label2>
						<visible>!String.IsEmpty(Window.Property(widgetPath)) + !String.IsEmpty(Window.Property(widgetStyle)) + !Skin.HasSetting(Enable.GlobalWidgetBack)</visible>
					</control>
					<control type="button" id="1003">
						<description>Change widget title 1</description>
						<include>SettingsButtonCommonValues</include>
						<label>31703</label>
						<label2>$VAR[WidgetTitleLabelVar]</label2>
						<visible>!String.IsEmpty(Window.Property(widgetPath)) + !String.IsEmpty(Window.Property(widgetStyle)) + !String.Contains(Window.Property(widgetStyle),List)</visible>
					</control>
					<control type="button" id="1020">
						<description>Change list widget text 1</description>
						<include>SettingsButtonCommonValues</include>
						<label>31704</label>
						<label2>$VAR[WidgetListLabelVar]</label2>
						<visible>!String.IsEmpty(Window.Property(widgetPath)) + !String.IsEmpty(Window.Property(widgetStyle)) + String.Contains(Window.Property(widgetStyle),List) + !String.IsEqual(Window.Property(widgetArt),Banner) + !String.IsEqual(Window.Property(widgetType),system) + !String.IsEqual(Window.Property(widgetType),weather)</visible>
					</control>
					<control type="button" id="1021">
						<description>Enable panel widget info 1</description>
						<include>SettingsButtonCommonValues</include>
						<label>31705</label>
						<label2>$VAR[WidgetPanelInfoVar]</label2>
						<visible>!String.IsEmpty(Window.Property(widgetPath)) + !String.IsEmpty(Window.Property(widgetStyle)) + !String.Contains(Window.Property(widgetStyle),List) + !Skin.HasSetting(Enable.PanelInfo)</visible>
					</control>
					<control type="button" id="1012">
						<description>Change widget 1 sort by</description>
						<include>SettingsButtonCommonValues</include>
						<label>$LOCALIZE[31708]</label>
						<label2>$VAR[WidgetSortbyLabelVar]</label2>
						<visible>!String.IsEmpty(Window.Property(widgetPath)) + !String.IsEmpty(Window.Property(widgetStyle))</visible>
					</control>
					<control type="button" id="1016">
						<description>Change widget 1 sort order</description>
						<include>SettingsButtonCommonValues</include>
						<label>$LOCALIZE[31709]</label>
						<label2>$VAR[WidgetSortLabelVar]</label2>
						<visible>!String.IsEmpty(Window.Property(widgetPath)) + !String.IsEmpty(Window.Property(widgetStyle))</visible>
					</control>
				</control>
			</control>
			<!-- Widget 2 -->
			<control type="group">
				<visible>String.IsEqual(Window(home).Property(skinshortcuts-management-widget),2)</visible>
				<control type="button" id="7001">
					<top>-59</top>
					<width>100%</width>
					<height>1139</height>
					<onclick>back</onclick>
					<texturefocus />
					<texturenofocus />
					<onleft>7000</onleft>
					<onright>7000</onright>
					<onup>7000</onup>
					<ondown>7000</ondown>
				</control>
				<control type="grouplist" id="7000">
					<left>522</left>
					<top>32</top>
					<width>1316</width>
					<height>810</height>
					<onup>7000</onup>
					<ondown>7000</ondown>
					<scrolltime tween="quadratic" easing="out">200</scrolltime>
					<control type="button" id="2001">
						<description>Change widget style 2</description>
						<include>SettingsButtonCommonValues</include>
						<label>31701</label>
						<label2>$VAR[WidgetStyle2LabelVar]</label2>
					</control><control type="button" id="2051">
						<description>Change widget 2</description>
						<include>SettingsButtonCommonValues</include>
						<label>$ADDON[script.skinshortcuts 32044]</label>
						<label2>$INFO[Window.Property(widgetName.2)]</label2>
						<onclick>SetProperty(widgetID,2)</onclick>
						<onclick>SendClick(312)</onclick>
						<onclick>SetProperty(customProperty,widgetArt.2)</onclick>
						<onclick>SendClick(404)</onclick>
						<visible>!String.IsEmpty(Window.Property(widgetStyle.2))</visible>
					</control>
					<control type="button" id="2004">
						<description>Change widget art 2</description>
						<include>SettingsButtonCommonValues</include>
						<label>$LOCALIZE[31706]</label>
						<label2>$VAR[WidgetArt2LabelVar]</label2>
						<visible>[!IsEmpty(Window.Property(widgetPath.2)) + !String.IsEmpty(Window.Property(widgetStyle.2))] + [!String.IsEqual(Window.Property(widgetType.2),system) | !String.Contains(Window.Property(widgetStyle.2),List)]</visible>
					</control>
					<control type="button" id="2008">
						<description>Change widget case 2</description>
						<include>SettingsButtonCommonValues</include>
						<label>$LOCALIZE[31707]</label>
						<label2>$VAR[WidgetCase2LabelVar]</label2>
						<visible>[!IsEmpty(Window.Property(widgetPath.2)) + !String.IsEmpty(Window.Property(widgetStyle.2))] + [!String.IsEqual(Window.Property(widgetType.2),system) | !String.Contains(Window.Property(widgetStyle.2),List)]</visible>
					</control>
					<control type="button" id="2002">
						<description>Change widget background 2</description>
						<include>SettingsButtonCommonValues</include>
						<label>31702</label>
						<label2>$VAR[WidgetBackground2LabelVar]</label2>
						<visible>!IsEmpty(Window.Property(widgetPath.2)) + !String.IsEmpty(Window.Property(widgetStyle.2)) + !Skin.HasSetting(Enable.GlobalWidgetBack)</visible>
					</control>
					<control type="button" id="2003">
						<description>Change widget title 2</description>
						<include>SettingsButtonCommonValues</include>
						<label>31703</label>
						<label2>$VAR[WidgetTitle2LabelVar]</label2>
						<visible>!IsEmpty(Window.Property(widgetPath.2)) + !String.IsEmpty(Window.Property(widgetStyle.2)) + !String.Contains(Window.Property(widgetStyle.2),List)</visible>
					</control>
					<control type="button" id="2020">
						<description>Change list widget text 2</description>
						<include>SettingsButtonCommonValues</include>
						<label>31704</label>
						<label2>$VAR[WidgetList2LabelVar]</label2>
						<visible>!IsEmpty(Window.Property(widgetPath.2)) + !String.IsEmpty(Window.Property(widgetStyle.2)) + String.Contains(Window.Property(widgetStyle.2),List) + !String.IsEqual(Window.Property(widgetArt.2),Banner) + !String.IsEqual(Window.Property(widgetType.2),system) + !String.IsEqual(Window.Property(widgetType.2),weather)</visible>
					</control>
					<control type="button" id="2021">
						<description>Enable panel widget info 2</description>
						<include>SettingsButtonCommonValues</include>
						<label>31705</label>
						<label2>$VAR[WidgetPanelInfo2Var]</label2>
						<visible>!IsEmpty(Window.Property(widgetPath.2)) + !String.IsEmpty(Window.Property(widgetStyle.2)) + !String.Contains(Window.Property(widgetStyle.2),List) + !Skin.HasSetting(Enable.PanelInfo)</visible>
					</control>
					<control type="button" id="2012">
						<description>Change widget 2 sort by</description>
						<include>SettingsButtonCommonValues</include>
						<label>$LOCALIZE[31708]</label>
						<label2>$VAR[WidgetSortby2LabelVar]</label2>
						<visible>!String.IsEmpty(Window.Property(widgetPath.2)) + !String.IsEmpty(Window.Property(widgetStyle.2))</visible>
					</control>
					<control type="button" id="2016">
						<description>Change widget 2 sort order</description>
						<include>SettingsButtonCommonValues</include>
						<label>$LOCALIZE[31709]</label>
						<label2>$VAR[WidgetSort2LabelVar]</label2>
						<visible>!String.IsEmpty(Window.Property(widgetPath.2)) + !String.IsEmpty(Window.Property(widgetStyle.2))</visible>
					</control>
				</control>
			</control>
		</control>
		<!-- 404, for setting custom property -->
		<control type="button" id="404">
			<visible>False</visible>
			<left>-100000</left>
			<top>-100000</top>
			<width>1</width>
			<height>1</height>
			<onclick>noop</onclick>
		</control>
	</controls>
</window>