<?xml version="1.0" encoding="UTF-8"?>
<addon id="plugin.video.montypython"
version="2018.07.17.0"
name="MontyPython"
provider-name="-">
<requires>
  <import addon="xbmc.python" version="2.25.0"/>
  <import addon="script.module.ptw" />
  <import addon="script.module.resolveurl" />
  <import addon="script.module.requests"/>
</requires>
<extension point="xbmc.python.pluginsource" library="main.py">
  <provides>video</provides>
</extension>
<extension point="xbmc.addon.metadata">
  <summary lang="en">MontyPython Plugin Wideo</summary>
  <description lang="en_GB">Plugin z odcinkami MontyPython</description>
  <disclaimer lang="en_GB">Wszelkie treści multimedialne są własnością Monty-Python.org</disclaimer>
  <assets>
    <icon>icon.png</icon>
    <fanart>fanart.png</fanart>
  </assets>
  <news>resolveurl</news>
</extension>
</addon>