<?xml version="1.0" encoding="UTF-8" standalone="yes"?>
<addon id="plugin.program.cherrytv" name="Cherry TV Wizard" version="1.7.0" provider-name="Kodi Cherry ">
  <requires>
    <import addon="xbmc.python" version="2.1.0"/>
  </requires>
  <extension point="xbmc.python.pluginsource" library="default.py">
    <provides>executable</provides>
  </extension>
  <extension point="xbmc.service" library="startup.py" start="startup" />
  <extension point="xbmc.addon.metadata">
    <summary lang="en">Cherry TV Wizard</summary>
    <description lang="en">CHERRY TV Wizard allows you to gain access to the latest CHERRY TV Custom Builds.</description>
    <platform>all</platform>
  </extension>
</addon>