<?xml version="1.0" encoding="UTF-8"?>
<window>
	<defaultcontrol always="true">9000</defaultcontrol>
	<onload condition="!Skin.HasSetting(WarnedOnFileManager) + !String.IsEmpty(Window(Home).Property(NotifyFilemanager))">ActivateWindow(1126)</onload>
	<coordinates>
		<system>1</system>
		<left>160</left>
		<top>240</top>
	</coordinates>
	<include>DialogOpenCloseAnimation</include>
	<controls>
		<control type="group">
			<control type="image">
				<width>1600</width>
				<height>660</height>
				<texture border="40">dialogs/default/bg.png</texture>
				<visible>Control.isVisible(6)</visible>
			</control>
			<control type="image">
				<left>450</left>
				<width>750</width>
				<height>600</height>
				<texture border="40">dialogs/default/bg.png</texture>
				<visible>Control.IsVisible(3) + [!Control.IsVisible(5) + Control.IsVisible(7)]</visible>
			</control>
			<control type="image">
				<left>450</left>
				<width>990</width>
				<height>660</height>
				<texture border="40">dialogs/default/bg.png</texture>
				<visible>Control.IsVisible(3) + [Control.IsVisible(5) + Control.IsVisible(7)]</visible>
				<animation effect="slide" start="0" end="-157" time="0" tween="quadratic" condition="true">Conditional</animation>
			</control>
			<control type="label" id="1">
				<left>320</left>
				<top>32</top>
				<width>660</width>
				<height>40</height>
				<font>font15_title</font>
				<label />
				<align>center</align>
				<textcolor>dialogheader</textcolor>
				<scroll>true</scroll>
				<animation effect="slide" start="0" end="150" time="0" tween="quadratic" condition="Control.IsVisible(3)">Conditional</animation>
			</control>
			<control type="group">
				<left>1106</left>
				<top>90</top>
				<control type="image">
					<width>450</width>
					<height>540</height>
					<aspectratio aligny="top">keep</aspectratio>
					<texture background="true">$INFO[Container(6).ListItem.Icon]</texture>
					<visible>Control.IsVisible(6)</visible>
				</control>
			</control>
			<control type="group" id="9000">
				<control type="list" id="3">
					<left>480</left>
					<top>88</top>
					<width>690</width>
					<height>480</height>
					<onup>3</onup>
					<ondown>3</ondown>
					<onleft>60</onleft>
					<onright>9001</onright>
					<pagecontrol>60</pagecontrol>
					<animation effect="slide" start="0" end="-157" time="0" tween="quadratic" condition="Control.IsVisible(3) + [Control.IsVisible(5) + Control.IsVisible(7)]">Conditional</animation>
					<scrolltime tween="quadratic" easing="out">200</scrolltime>
					<itemlayout height="60" width="630">
						<control type="label">
							<width>690</width>
							<height>60</height>
							<textoffsetx>15</textoffsetx>
							<font>font14</font>
							<textcolor>grey2</textcolor>
							<selectedcolor>$VAR[ThemeLabelColor]</selectedcolor>
							<label>$INFO[ListItem.Label]</label>
						</control>
						<control type="label">
							<width>690</width>
							<height>60</height>
							<textoffsetx>15</textoffsetx>
							<font>font14</font>
							<textcolor>grey2</textcolor>
							<selectedcolor>$VAR[ThemeLabelColor]</selectedcolor>
							<align>right</align>
							<label>$INFO[ListItem.Label2]</label>
						</control>
					</itemlayout>
					<focusedlayout height="60" width="630">
						<control type="image">
							<width>690</width>
							<height>60</height>
							<texture colordiffuse="$VAR[HighlightBarColor]" border="5">listselect_fo.png</texture>
							<visible>Control.HasFocus(3)</visible>
							<include>VisibleFadeAnimation</include>
						</control>
						<control type="label">
							<width>690</width>
							<height>60</height>
							<textoffsetx>15</textoffsetx>
							<font>font14</font>
							<textcolor>white</textcolor>
							<selectedcolor>$VAR[ThemeLabelColor]</selectedcolor>
							<scroll>true</scroll>
							<label>$INFO[ListItem.Label]</label>
							<animation effect="fade" start="100" end="70" time="300" tween="sine" easing="inout" condition="!Control.HasFocus(3)">Conditional</animation>
						</control>
						<control type="label">
							<width>690</width>
							<height>60</height>
							<textoffsetx>15</textoffsetx>
							<font>font14</font>
							<textcolor>white</textcolor>
							<selectedcolor>$VAR[ThemeLabelColor]</selectedcolor>
							<align>right</align>
							<label>$INFO[ListItem.Label2]</label>
							<animation effect="fade" start="100" end="70" time="300" tween="sine" easing="inout" condition="!Control.HasFocus(3)">Conditional</animation>
						</control>
					</focusedlayout>
				</control>
				<control type="list" id="6">
					<left>32</left>
					<top>88</top>
					<width>1030</width>
					<height>540</height>
					<onup>6</onup>
					<ondown>6</ondown>
					<onleft>60</onleft>
					<onright>97</onright>
					<pagecontrol>60</pagecontrol>
					<scrolltime tween="quadratic" easing="out">200</scrolltime>
					<itemlayout height="60" width="1041">
						<control type="label">
							<width>1030</width>
							<height>60</height>
							<font>font14</font>
							<textoffsetx>15</textoffsetx>
							<textcolor>grey2</textcolor>
							<selectedcolor>$VAR[ThemeLabelColor]</selectedcolor>
							<label>$INFO[ListItem.Label]</label>
						</control>
						<control type="label">
							<width>1030</width>
							<height>60</height>
							<font>font14</font>
							<textoffsetx>15</textoffsetx>
							<textcolor>grey2</textcolor>
							<selectedcolor>$VAR[ThemeLabelColor]</selectedcolor>
							<align>right</align>
							<label>$VAR[DialogSelectLabel2Var]</label>
						</control>
					</itemlayout>
					<focusedlayout height="60" width="1041">
						<control type="image">
							<left>1</left>
							<width>1030</width>
							<height>60</height>
							<texture colordiffuse="$VAR[HighlightBarColor]" border="5">listselect_fo.png</texture>
							<visible>Control.HasFocus(6)</visible>
							<include>VisibleFadeAnimation</include>
						</control>
						<control type="label">
							<width>1030</width>
							<height>60</height>
							<font>font14</font>
							<textoffsetx>15</textoffsetx>
							<textcolor>white</textcolor>
							<selectedcolor>$VAR[ThemeLabelColor]</selectedcolor>
							<label>$INFO[ListItem.Label]</label>
							<animation effect="fade" start="100" end="70" time="300" tween="sine" easing="inout" condition="!Control.HasFocus(6)">Conditional</animation>
						</control>
						<control type="label">
							<width>1030</width>
							<height>60</height>
							<font>font14</font>
							<textoffsetx>15</textoffsetx>
							<textcolor>white</textcolor>
							<selectedcolor>$VAR[ThemeLabelColor]</selectedcolor>
							<align>right</align>
							<label>$VAR[DialogSelectLabel2Var]</label>
							<animation effect="fade" start="100" end="70" time="300" tween="sine" easing="inout" condition="!Control.HasFocus(6)">Conditional</animation>
						</control>
					</focusedlayout>
				</control>
			</control>
			<control type="grouplist" id="9001">
				<left>1300</left>
				<top>5</top>
				<width>294</width>
				<height>200</height>
				<onleft>9000</onleft>
				<onright>9000</onright>
				<ondown>9001</ondown>
				<onup>9001</onup>
				<itemgap>14</itemgap>
				<align>right</align>
				<orientation>horizontal</orientation>
				<usecontrolcoords>true</usecontrolcoords>
				<animation effect="slide" start="0" end="65" time="0" condition="Control.IsVisible(3) + [Control.IsVisible(5) + Control.IsVisible(7)]">Conditional</animation>
				<animation effect="slide" start="0" end="-400" time="0" condition="!Control.IsVisible(6)">Conditional</animation>
				<control type="button" id="5">
					<description>Manual button</description>
					<texturefocus />
					<texturenofocus />
					<top>15</top>
					<width>200</width>
					<label>186</label>
					<align>right</align>
					<textcolor>grey2</textcolor>
					<focusedcolor>$VAR[HighlightBarColor]</focusedcolor>
				</control>
				<control type="button" id="97">
					<description>Cancel button</description>
					<texturefocus />
					<texturenofocus />
					<width>80</width>
					<height>90</height>
					<aligny>center</aligny>
					<font>IconMediumMD</font>
					<textcolor>grey2</textcolor>
					<focusedcolor>$VAR[HighlightBarColor]</focusedcolor>
					<label></label>
					<onclick>Dialog.Close(selectdialog)</onclick>
					<visible>Control.IsVisible(7)</visible>
				</control>
			</control>
			<control type="scrollbar" id="60">
				<left>16</left>
				<top>88</top>
				<height>480</height>
				<width>14</width>
				<onleft>9001</onleft>
				<onright>6</onright>
				<ondown>60</ondown>
				<onup>60</onup>
				<showonepage>false</showonepage>
				<texturesliderbackground />
				<texturesliderbar colordiffuse="55ffffff" border="4">scrollbar/texturesliderbar3.png</texturesliderbar>
				<texturesliderbarfocus border="4">scrollbar/texturesliderbar3.png</texturesliderbarfocus>
				<animation effect="slide" start="0" end="450" time="0" tween="quadratic" condition="Control.IsVisible(3) + ![Control.IsVisible(5) + Control.IsVisible(7)]">Conditional</animation>
				<animation effect="slide" start="0" end="293" time="0" tween="quadratic" condition="Control.IsVisible(3) + Control.IsVisible(5)">Conditional</animation>
			</control>
		</control>
		<control type="button" id="7">
			<description>Cancel button</description>
			<include>HiddenObject</include>
		</control>
		<control type="label" id="4">
			<width>692</width>
			<height>600</height>
			<align>center</align>
			<font>font14</font>
		</control>
	</controls>
</window>