<?xml version="1.0" encoding="utf-8"?>
<includes>
	<include name="View_509_MyFlix">
		<control type="label" id="4447">
			<description>MyFlix Open Case Movies</description>
			<label>$LOCALIZE[31966]</label>
			<include>HiddenObject</include>
			<include condition="!String.IsEmpty(Skin.String(MyFlix.Delay))">MyFlixDelayAnimation</include>
			<animation effect="fade" end="100" time="120" delay="1600">WindowOpen</animation>
			<animation effect="fade" end="100" time="120" delay="1600">Visible</animation>
			<visible>Control.IsVisible(509) + !ListItem.IsCollection + Container.Content(movies)</visible>
		</control>
		<control type="label" id="4448">
			<description>MyFlix Open Case Sets</description>
			<label>$LOCALIZE[31966]</label>
			<include>HiddenObject</include>
			<include condition="!String.IsEmpty(Skin.String(MyFlix.Delay))">MyFlixDelayAnimation</include>
			<animation effect="fade" end="100" time="120" delay="1600">WindowOpen</animation>
			<animation effect="fade" end="100" time="120" delay="1600">Visible</animation>
			<visible>Control.IsVisible(509) + ListItem.IsCollection</visible>
		</control>
		<control type="group">
			<visible>Control.IsVisible(509) + !Window.IsActive(skinsettings)</visible>
			<include>ViewAnimation</include>
			<control type="group">
				<animation effect="slide" start="0" end="0,60" time="0" tween="cubic" easing="inout" condition="[Container.Content(movies) + Skin.HasSetting(Enable.MyFlix.MovieLandscape)] | [Container.Content(tvshows) + Skin.HasSetting(Enable.MyFlix.TVLandscape)]">Conditional</animation>
				<control type="group">
					<animation effect="slide" end="0,400" time="0" condition="Skin.HasSetting(Disable.MyFlixInfo)">Conditional</animation>
					<control type="image">
						<left>20</left>
						<top>50</top>
						<width>380</width>
						<height>124</height>
						<aspectratio aligny="bottom">keep</aspectratio>
						<texture background="true">$VAR[ArtworkLogoVar]</texture>
						<visible>[[Container.Content(movies) | Container.Content(sets)] + SKin.HasSetting(Enable.MyFlix.MovieLogo)] | [Container.Content(tvshows) + SKin.HasSetting(Enable.MyFlix.TVLogo)] | [Container.Content(episodes) + SKin.HasSetting(Enable.MyFlix.EpisodeLogo)]</visible>
					</control>
					<control type="label">
						<left>25</left>
						<top>50</top>
						<height>124</height>
						<font>font_musicviz</font>
						<textcolor>grey</textcolor>
						<label>$INFO[ListItem.Title]</label>
						<visible>[[Container.Content(movies) | Container.Content(sets)] + SKin.HasSetting(Enable.MyFlix.MovieLogo) + String.IsEmpty(ListItem.Art(clearlogo))] | [[Container.Content(movies) | Container.Content(sets)] + !SKin.HasSetting(Enable.MyFlix.MovieLogo)] | [Container.Content(tvshows) + [SKin.HasSetting(Enable.MyFlix.TVLogo) + String.IsEmpty(ListItem.Art(clearlogo))]] | [Container.Content(tvshows) + !SKin.HasSetting(Enable.MyFlix.TVLogo)]</visible>
					</control>
					<control type="label">
						<left>25</left>
						<height>124</height>
						<font>font_musicviz</font>
						<textcolor>grey</textcolor>
						<label>$INFO[ListItem.TVShowTitle]</label>
						<visible>[Container.Content(episodes) + [SKin.HasSetting(Enable.MyFlix.EpisodeLogo) + String.IsEmpty(ListItem.Art(tvshow.clearlogo))]] | [Container.Content(episodes) + !SKin.HasSetting(Enable.MyFlix.EpisodeLogo)]</visible>
					</control>
				</control>
				<control type="group">
					<left>10</left>
					<top>220</top>
					<width>1000</width>
					<height>270</height>
					<include>VisibleFadeAnimation</include>
					<visible>!Skin.HasSetting(Disable.MyFlixInfo)</visible>
					<animation effect="slide" start="0" end="0,-40" time="0" tween="cubic" easing="inout" condition="Container.Content(tvshows)">Conditional</animation>
					<control type="group">
						<control type="image">
							<left>17</left>
							<top>-35</top>
							<width>65</width>
							<height>30</height>
							<texture>IMDb.png</texture>
							<visible>!String.IsEmpty(ListItem.Top250)</visible>
						</control>
						<control type="Label">
							<left>90</left>
							<top>-42</top>
							<width>125</width>
							<height>45</height>
							<label>[B]$INFO[ListItem.Top250,#][/B]</label>
							<font>font14</font>
							<shadowcolor>shadow</shadowcolor>
							<textcolor>FFEEC900</textcolor>
							<visible>!String.IsEmpty(ListItem.Top250)</visible>
						</control>
					</control>
					<control type="group">
						<control type="grouplist">
							<visible>Container.Content(movies) + !ListItem.IsCollection</visible>
							<control type="label">
								<label>[COLOR $VAR[MyFlixThemeLabelColor]]$LOCALIZE[20339]:[/COLOR][CR]$INFO[ListItem.Director]</label>
								<width>800</width>
								<include>DefaultButtonsValues</include>
								<visible>!String.IsEmpty(ListItem.Director)</visible>
							</control>
							<control type="label">
								<label>[COLOR $VAR[MyFlixThemeLabelColor]]$LOCALIZE[515]:[/COLOR][CR]$INFO[ListItem.Genre]</label>
								<width>800</width>
								<include>DefaultButtonsValues</include>
								<visible>!String.IsEmpty(ListItem.Genre)</visible>
							</control>
							<control type="label">
								<label>$INFO[ListItem.Year,, • ]$INFO[ListItem.RatingAndVotes,, • ]$VAR[DurationMinutesVar,,m]$INFO[ListItem.Endtime, • $LOCALIZE[19127]: ,]</label>
								<width>1000</width>
								<height>45</height>
								<include>DefaultButtonsValues</include>
								<visible>!Skin.HasSetting(Enable.HourMinuteDuration)</visible>
							</control>
							<control type="label">
								<label>$INFO[ListItem.Year,, • ]$INFO[ListItem.RatingAndVotes,, • ]$VAR[ItemDurationVar]$INFO[ListItem.Endtime, • $LOCALIZE[31393]: ,]</label>
								<width>1000</width>
								<height>45</height>
								<include>DefaultButtonsValues</include>
								<visible>Skin.HasSetting(Enable.HourMinuteDuration)</visible>
							</control>
						</control>
						<control type="grouplist">
							<visible>ListItem.IsCollection + [Container.Content(movies) | Container.Content(sets)]</visible>
							<control type="label">
								<label>[COLOR $VAR[MyFlixThemeLabelColor]]$LOCALIZE[20339]:[/COLOR][CR]$INFO[Window(Home).Property(Set.Movies.Director)]</label>
								<width>800</width>
								<include>DefaultButtonsValues</include>
								<visible>!String.IsEmpty(Window(Home).Property(Set.Movies.Director))</visible>
							</control>
							<control type="label">
								<label>[COLOR $VAR[MyFlixThemeLabelColor]]$LOCALIZE[515]:[/COLOR][CR]$INFO[Window(Home).Property(Set.Movies.Genre),, $LOCALIZE[12391]]</label>
								<width>800</width>
								<include>DefaultButtonsValues</include>
								<visible>!String.IsEmpty(Window(Home).Property(Set.Movies.Genre))</visible>
							</control>
						</control>
						<control type="grouplist">
							<visible>[Container.Content(tvshows) | Container.Content(seasons)]</visible>
							<control type="label">
								<label>[COLOR $VAR[MyFlixThemeLabelColor]]$LOCALIZE[126]:[/COLOR][CR]$INFO[Window(Home).Property(NextAired.Status)]</label>
								<width>800</width>
								<include>DefaultButtonsValues</include>
								<visible>[Container.Content(tvshows) | Container.Content(seasons)] + !String.IsEmpty(Window(Home).Property(NextAired.Status))</visible>
							</control>
							<control type="label">
								<label>[COLOR $VAR[MyFlixThemeLabelColor]]$LOCALIZE[31010]:[/COLOR][CR]$INFO[Window(Home).Property(NextAired.NextDate),,: ]$INFO[Window(Home).Property(NextAired.NextTitle)]</label>
								<width>800</width>
								<include>DefaultButtonsValues</include>
								<visible>!String.IsEmpty(Window(Home).Property(NextAired.NextDate)) + !Skin.HasSetting(Disable.NextAired)</visible>
							</control>
							<control type="label">
								<label>[COLOR $VAR[MyFlixThemeLabelColor]]$LOCALIZE[31011]:[/COLOR][CR]$INFO[Window(Home).Property(NextAired.LatestNumber),, - ]$INFO[Window(Home).Property(NextAired.LatestTitle)]</label>>
								<width>800</width>
								<include>DefaultButtonsValues</include>
								<visible>Container.Content(tvshows) + !String.IsEmpty(Window(Home).Property(NextAired.LatestDate)) + String.IsEmpty(Window(Home).Property(NextAired.NextDate))</visible>
							</control>
							<control type="label">
								<label>[COLOR $VAR[MyFlixThemeLabelColor]]$LOCALIZE[515]:[/COLOR][CR]$INFO[ListItem.Genre]</label>
								<width>800</width>
								<include>DefaultButtonsValues</include>
								<visible>!String.IsEmpty(ListItem.Genre)</visible>
							</control>
						</control>
						<control type="grouplist">
							<visible>Container.Content(episodes)</visible>
							<control type="label">
								<label>[COLOR $VAR[MyFlixThemeLabelColor]]$LOCALIZE[20359]:[/COLOR][CR]$VAR[FloorLabelVar]</label>
								<width>800</width>
								<include>DefaultButtonsValues</include>
							</control>
							<control type="label">
								<label>[COLOR $VAR[MyFlixThemeLabelColor]]$LOCALIZE[126]: [/COLOR]$INFO[Window(Home).Property(NextAired.Status)]</label>
								<height>45</height>
								<include>DefaultButtonsValues</include>
								<visible>!String.IsEmpty(Window(Home).Property(NextAired.Status))</visible>
							</control>
							<control type="label">
								<label>[COLOR $VAR[MyFlixThemeLabelColor]]$LOCALIZE[20416]: [/COLOR]$INFO[ListItem.Premiered]</label>
								<height>45</height>
								<width>650</width>
								<include>DefaultButtonsValues</include>
								<visible>!String.IsEmpty(ListItem.Premiered)</visible>
							</control>
							<control type="label">
								<label>[COLOR $VAR[MyFlixThemeLabelColor]]$LOCALIZE[31010]:[/COLOR][CR]$INFO[Window(Home).Property(NextAired.NextDate),,: ]$INFO[Window(Home).Property(NextAired.NextTitle)]</label>
								<width>800</width>
								<include>DefaultButtonsValues</include>
								<visible>!String.IsEmpty(Window(Home).Property(NextAired.NextDate)) + !Skin.HasSetting(Disable.NextAired)</visible>
							</control>
							<control type="label">
								<label>[COLOR $VAR[MyFlixThemeLabelColor]]$LOCALIZE[31011]:[/COLOR][CR]$INFO[Window(Home).Property(NextAired.LatestNumber),, - ]$INFO[Window(Home).Property(NextAired.LatestTitle)]</label>>
								<width>800</width>
								<include>DefaultButtonsValues</include>
								<visible>!String.IsEmpty(Window(Home).Property(NextAired.LatestDate)) + String.IsEmpty(Window(Home).Property(NextAired.NextDate))</visible>
							</control>
							<control type="label">
								<label>[COLOR $VAR[MyFlixThemeLabelColor]]$LOCALIZE[2050]: [/COLOR]$VAR[DurationMinutesVar,, $LOCALIZE[12391]]</label>
								<height>45</height>
								<width>650</width>
								<include>DefaultButtonsValues</include>
								<visible>!String.IsEmpty(ListItem.Duration)</visible>
							</control>
						</control>
						<control type="textbox">
							<top>240</top>
							<left>15</left>
							<label>[COLOR $VAR[MyFlixThemeLabelColor]]$INFO[ListItem.Tagline,, - ][/COLOR]$VAR[VideoPlotVar]</label>
							<width>800</width>
							<height>130</height>
							<font>font15</font>
							<textcolor>grey</textcolor>
							<autoscroll delay="3000" time="3000" repeat="4000">true</autoscroll>
							<animation effect="slide" start="0" end="0,40" time="620" tween="cubic" easing="inout" condition="!String.IsEmpty(Window(Home).Property(NextAired.Status))">Conditional</animation>
							<visible>[Container.Content(movies) + !ListItem.IsCollection] | [Container.Content(tvshows) + !Skin.HasSetting(Enable.MyFlix.TVLandscape)]</visible>
						</control>
						<control type="textbox">
							<top>240</top>
							<left>15</left>
							<label>[COLOR $VAR[MyFlixThemeLabelColor]]$INFO[ListItem.Tagline,, - ][/COLOR]$VAR[VideoPlotVar]</label>
							<width>800</width>
							<height>215</height>
							<font>font15</font>
							<textcolor>grey</textcolor>
							<autoscroll delay="3000" time="3000" repeat="4000">true</autoscroll>
							<animation effect="slide" start="0" end="0,40" time="620" tween="cubic" easing="inout" condition="true">Conditional</animation>
							<visible>Container.Content(episodes) | [Container.Content(tvshows) + Skin.HasSetting(Enable.MyFlix.TVLandscape)]</visible>
						</control>
						<control type="textbox">
							<top>190</top>
							<left>15</left>
							<label>[COLOR $VAR[MyFlixThemeLabelColor]]$INFO[ListItem.Tagline,, - ][/COLOR]$VAR[VideoPlotVar]</label>
							<width>800</width>
							<height>165</height>
							<font>font15</font>
							<textcolor>grey</textcolor>
							<autoscroll delay="3000" time="2500" repeat="4000">true</autoscroll>
							<visible>ListItem.IsCollection</visible>
						</control>
					</control>
				</control>
			</control>
			<control type="fixedlist" id="509">
				<top>530</top>
				<width>1920</width>
				<height>600</height>
				<visible>Container.Content(movies) | Container.Content(sets) | Container.Content(tvshows) | Container.Content(episodes)</visible>
				<onleft>509</onleft>
				<onright>509</onright>
				<onup>SetProperty(MediaMenu,True,Home)</onup>
				<onup>SetFocus(9050)</onup>
				<ondown condition="Control.IsVisible(50960)">50960</ondown>
				<ondown condition="!Control.IsVisible(50960)">4400</ondown>
				<viewtype label="$LOCALIZE[31244]">bigwrap</viewtype>
				<pagecontrol>50960</pagecontrol>
				<orientation>horizontal</orientation>
				<preloaditems>2</preloaditems>
				<focusposition>0</focusposition>
				<itemlayout height="525" width="271" condition="[Container.Content(movies) + !Skin.HasSetting(Enable.MyFlix.MovieLandscape)] | Container.Content(sets) | [Container.Content(tvshows) + !Skin.HasSetting(Enable.MyFlix.TVLandscape)]">
					<include>FlixPoster</include>
					<include>FlixPosterOverlay</include>
					<control type="image">
						<left>10</left>
						<top>75</top>
						<width>268</width>
						<height>390</height>
						<texture border="1">black.png</texture>
						<colordiffuse>$VAR[MyFlixDimmerVar]</colordiffuse>
						<bordersize>20</bordersize>
					</control>
					<control type="image">
						<include>FlixCaseVars</include>
						<texture background="true">$VAR[CaseTypePathVar]$VAR[GlobalCaseVar]</texture>
					</control>
					<include>FlixPosterReflection</include>
					<include>FlixPosterCaseReflection</include>
				</itemlayout>
				<focusedlayout height="525" width="271" condition="[Container.Content(movies) + !Skin.HasSetting(Enable.MyFlix.MovieLandscape)] | Container.Content(sets) | [Container.Content(tvshows) + !Skin.HasSetting(Enable.MyFlix.TVLandscape)]">
					<control type="group">
						<visible>[[Container.Content(movies) | Container.Content(sets)] + Control.IsVisible(7000) + Skin.HasSetting(Enable.MyFlix.OpenCase)] | [[Container.Content(movies) | Container.Content(sets)] + !Skin.HasSetting(Enable.MyFlix.OpenCase)] | Container.Content(tvshows)</visible>
						<include>FlixPoster</include>
						<control type="image">
							<include>FlixCaseVars</include>
							<texture background="true">$VAR[CaseTypePathVar]$VAR[GlobalCaseVar]</texture>
						</control>
						<include>FlixPosterOverlay</include>
						<include>FlixPosterReflection</include>
						<include>FlixPosterCaseReflection</include>
					</control>
				</focusedlayout>
				<itemlayout height="270" width="480" condition="[Container.Content(movies) + Skin.HasSetting(Enable.MyFlix.MovieLandscape)] | [Container.Content(tvshows) + Skin.HasSetting(Enable.MyFlix.TVLandscape)]">
					<include>FlixLandscape</include>
					<control type="image">
						<left>398</left>
						<top>217</top>
						<width>60</width>
						<height>60</height>
						<texture>$VAR[OverlayVar]</texture>
						<aspectratio align="center" aligny="top">keep</aspectratio>
					</control>
					<control type="image">
						<left>-10</left>
						<top>197</top>
						<width>480</width>
						<height>270</height>
						<texture border="1">black.png</texture>
						<colordiffuse>$VAR[MyFlixDimmerVar]</colordiffuse>
						<bordersize>20</bordersize>
					</control>
					<include>FlixLandscapeReflection</include>
				</itemlayout>
				<focusedlayout height="270" width="480" condition="[Container.Content(movies) + Skin.HasSetting(Enable.MyFlix.MovieLandscape)] | [Container.Content(tvshows) + Skin.HasSetting(Enable.MyFlix.TVLandscape)]">
					<include>FlixLandscape</include>
					<control type="image">
						<left>398</left>
						<top>217</top>
						<width>60</width>
						<height>60</height>
						<texture>$VAR[OverlayVar]</texture>
						<aspectratio align="center" aligny="top">keep</aspectratio>
					</control>
					<include>FlixLandscapeReflection</include>
				</focusedlayout>
				<itemlayout height="270" width="480" condition="Container.Content(episodes)">
					<include>FlixEpisodeThumb</include>
					<control type="image">
						<left>398</left>
						<top>217</top>
						<width>60</width>
						<height>60</height>
						<texture>$VAR[OverlayVar]</texture>
						<aspectratio align="center" aligny="top">keep</aspectratio>
						<visible>!String.IsEmpty(Skin.String(509.Episodes.DisableOverlay)) + Container.Content(episodes)</visible>
					</control>
					<control type="image">
						<top>197</top>
						<width>480</width>
						<height>270</height>
						<texture border="1">black.png</texture>
						<colordiffuse>$VAR[MyFlixDimmerVar]</colordiffuse>
						<bordersize>20</bordersize>
					</control>
					<include>FlixEpisodeThumbReflection</include>
				</itemlayout>
				<focusedlayout height="270" width="480" condition="Container.Content(episodes)">
					<include>FlixEpisodeThumb</include>
					<control type="image">
						<left>398</left>
						<top>217</top>
						<width>60</width>
						<height>60</height>
						<texture>$VAR[OverlayVar]</texture>
						<aspectratio align="center" aligny="top">keep</aspectratio>
						<visible>!String.IsEmpty(Skin.String(509.Episodes.DisableOverlay)) + Container.Content(episodes)</visible>
					</control>
					<include>FlixEpisodeThumbReflection</include>
				</focusedlayout>
			</control>
			<control type="group">
				<top>530</top>
				<visible>[[Container.Content(movies) + !Skin.HasSetting(Enable.MyFlix.MovieLandscape)] | Container.Content(sets)] + !Control.IsVisible(7000) + Skin.HasSetting(Enable.MyFlix.OpenCase)</visible>
				<control type="image">
					<include>FlixCaseVars</include>
					<texture background="true">$VAR[CaseBackPathVar]$VAR[GlobalCaseVar]</texture>
				</control>
			</control>
			<control type="group">
				<left>33</left>
				<top>680</top>
				<width>215</width>
				<height>215</height>
				<visible>[[[Container.Content(movies) + !Skin.HasSetting(Enable.MyFlix.MovieLandscape)] | Container.Content(sets)] + !Control.IsVisible(7000) + Skin.HasSetting(Enable.MyFlix.OpenCase)]</visible>
				<control type="image">
					<texture background="true" fallback="BD.png">$INFO[ListItem(0).Art(discart)]</texture>
					<animation type="Conditional" condition="[!String.IsEmpty(Control.GetLabel(4447)) + Control.IsVisible(4447)]" reversible="false">
						<effect type="slide" start="1900,0" end="0,0" delay="0" time="3000" tween="cubic" easing="inout" />
						<effect type="rotate" start="0" center="auto" end="1080" delay="0" time="3000" tween="cubic" easing="inout" />
					</animation>
					<visible>!ListItem.IsCollection</visible>
				</control>
				<control type="image">
					<aspectratio>keep</aspectratio>
					<texture background="true">$INFO[Window(Home).Property(Set.Movie.1.Art(discart))]</texture>
					<animation type="Conditional" condition="[!String.IsEmpty(Control.GetLabel(4448)) + Control.IsVisible(4448)]" reversible="false">
						<effect type="slide" start="1900,0" end="0,0" delay="0" time="3000" tween="cubic" easing="inout" />
						<effect type="rotate" start="0" center="auto" end="1080" delay="0" time="3000" tween="cubic" easing="inout" />
					</animation>
					<visible>!String.IsEmpty(Window(Home).Property(Set.Movie.1.Art(discart)))</visible>
				</control>
				<control type="image">
					<aspectratio>keep</aspectratio>
					<texture background="true">$INFO[Window(Home).Property(Set.Movie.2.Art(discart))]</texture>
					<animation type="Conditional" condition="[!String.IsEmpty(Control.GetLabel(4448)) + Control.IsVisible(4448)]" reversible="false">
						<effect type="slide" start="1900,0" end="0,0" delay="500" time="3000" tween="cubic" easing="inout" />
						<effect type="rotate" start="0" center="auto" end="1080" delay="500" time="3000" tween="cubic" easing="inout" />
					</animation>
					<visible>!String.IsEmpty(Window(Home).Property(Set.Movie.2.Art(discart)))</visible>
				</control>
				<control type="image">
					<aspectratio>keep</aspectratio>
					<texture background="true">$INFO[Window(Home).Property(Set.Movie.3.Art(discart))]</texture>
					<animation type="Conditional" condition="[!String.IsEmpty(Control.GetLabel(4448)) + Control.IsVisible(4448)]" reversible="false">
						<effect type="slide" start="1900,0" end="0,0" delay="1000" time="3000" tween="cubic" easing="inout" />
						<effect type="rotate" start="0" center="auto" end="1080" delay="1000" time="3000" tween="cubic" easing="inout" />
					</animation>
					<visible>!String.IsEmpty(Window(Home).Property(Set.Movie.3.Art(discart)))</visible>
				</control>
				<control type="image">
					<aspectratio>keep</aspectratio>
					<texture background="true">$INFO[Window(Home).Property(Set.Movie.4.Art(discart))]</texture>
					<animation type="Conditional" condition="[!String.IsEmpty(Control.GetLabel(4448)) + Control.IsVisible(4448)]" reversible="false">
						<effect type="slide" start="1900,0" end="0,0" delay="1500" time="3000" tween="cubic" easing="inout" />
						<effect type="rotate" start="0" center="auto" end="1080" delay="1500" time="3000" tween="cubic" easing="inout" />
					</animation>
					<visible>!String.IsEmpty(Window(Home).Property(Set.Movie.4.Art(discart)))</visible>
				</control>
				<control type="image">
					<aspectratio>keep</aspectratio>
					<texture background="true">$INFO[Window(Home).Property(Set.Movie.5.Art(discart))]</texture>
					<animation type="Conditional" condition="[!String.IsEmpty(Control.GetLabel(4448)) + Control.IsVisible(4448)]" reversible="false">
						<effect type="slide" start="1900,0" end="0,0" delay="2000" time="3000" tween="cubic" easing="inout" />
						<effect type="rotate" start="0" center="auto" end="1080" delay="2000" time="3000" tween="cubic" easing="inout" />
					</animation>
					<visible>!String.IsEmpty(Window(Home).Property(Set.Movie.5.Art(discart)))</visible>
				</control>
				<control type="image">
					<aspectratio>keep</aspectratio>
					<texture background="true">$INFO[Window(Home).Property(Set.Movie.6.Art(discart))]</texture>
					<animation type="Conditional" condition="[!String.IsEmpty(Control.GetLabel(4448)) + Control.IsVisible(4448)]" reversible="false">
						<effect type="slide" start="1900,0" end="0,0" delay="2500" time="3000" tween="cubic" easing="inout" />
						<effect type="rotate" start="0" center="auto" end="1080" delay="2500" time="3000" tween="cubic" easing="inout" />
					</animation>
					<visible>!String.IsEmpty(Window(Home).Property(Set.Movie.6.Art(discart)))</visible>
				</control>
				<control type="image">
					<aspectratio>keep</aspectratio>
					<texture background="true">$INFO[Window(Home).Property(Set.Movie.7.Art(discart))]</texture>
					<animation type="Conditional" condition="[!String.IsEmpty(Control.GetLabel(4448)) + Control.IsVisible(4448)]" reversible="false">
						<effect type="slide" start="1900,0" end="0,0" delay="3000" time="3000" tween="cubic" easing="inout" />
						<effect type="rotate" start="0" center="auto" end="1080" delay="3000" time="3000" tween="cubic" easing="inout" />
					</animation>
					<visible>!String.IsEmpty(Window(Home).Property(Set.Movie.7.Art(discart)))</visible>
				</control>
				<control type="image">
					<aspectratio>keep</aspectratio>
					<texture background="true">$INFO[Window(Home).Property(Set.Movie.8.Art(discart))]</texture>
					<animation type="Conditional" condition="[!String.IsEmpty(Control.GetLabel(4448)) + Control.IsVisible(4448)]" reversible="false">
						<effect type="slide" start="1900,0" end="0,0" delay="3500" time="3000" tween="cubic" easing="inout" />
						<effect type="rotate" start="0" center="auto" end="1080" delay="3500" time="3000" tween="cubic" easing="inout" />
					</animation>
					<visible>!String.IsEmpty(Window(Home).Property(Set.Movie.8.Art(discart)))</visible>
				</control>
			</control>
			<control type="group" id="7000">
				<visible>[[Container.Content(movies) + !Skin.HasSetting(Enable.MyFlix.MovieLandscape)] | Container.Content(sets)] + [Container.OnNext | Container.OnPrevious] + Skin.HasSetting(Enable.MyFlix.OpenCase)</visible>
				<animation effect="fade" time="1600" end="0" reversible="false">Hidden</animation>
				<control type="label">
					<include>HiddenObject</include>
				</control>
			</control>
			<control type="group">
				<top>530</top>
				<visible>[[[Container.Content(movies) + !Skin.HasSetting(Enable.MyFlix.MovieLandscape)] | Container.Content(sets)] + !Control.IsVisible(7000) + Skin.HasSetting(Enable.MyFlix.OpenCase)]</visible>
				<include>MyFlixModAnimation</include>
				<include>FlixPoster</include>
				<control type="image">
					<include>FlixCaseVars</include>
					<texture background="true">$VAR[CaseTypePathVar]$VAR[GlobalCaseVar]</texture>
				</control>
				<include>FlixPosterOverlay</include>
				<include>FlixPosterReflection</include>
				<include>FlixPosterCaseReflection</include>
			</control>
			<control type="scrollbar" id="50960">
				<left>110</left>
				<top>985</top>
				<width>1680</width>
				<height>12</height>
				<onup>53</onup>
				<ondown condition="Integer.IsGreaterOrEqual(Container(509).NumPages,10) + [String.IsEqual(Container.SortMethod,$LOCALIZE[551]) | String.IsEqual(Container.SortMethod,$LOCALIZE[556])]">615</ondown>
				<ondown condition="![Integer.IsGreaterOrEqual(Container(509).NumPages,10) + [String.IsEqual(Container.SortMethod,$LOCALIZE[551]) | String.IsEqual(Container.SortMethod,$LOCALIZE[556])]]">4400</ondown>
				<texturesliderbackground />
				<texturesliderbar border="6,0,6,0">scrollbar/texturesliderbar_hor.png</texturesliderbar>
				<texturesliderbarfocus border="6,0,6,0">scrollbar/texturesliderbarfocus_hor.png</texturesliderbarfocus>
				<textureslidernib />
				<textureslidernibfocus />
				<showonepage>false</showonepage>
				<orientation>horizontal</orientation>
				<animation effect="fade" start="100" end="0" time="500" delay="500" condition="!Control.HasFocus(50960) + !Container.Scrolling">Conditional</animation>
			</control>
		</control>
	</include>
	<include name="FlixPoster">
		<control type="image">
			<left>10</left>
			<top>75</top>
			<width>268</width>
			<height>390</height>
			<texture background="true">$VAR[PosterThumbVar]</texture>
			<bordertexture border="20">thumbs/thumb_shadow_aa.png</bordertexture>
			<bordersize>20</bordersize>
		</control>
	</include>
	<include name="FlixPosterOverlay">
		<control type="image">
			<left>206</left>
			<top>95</top>
			<width>60</width>
			<height>60</height>
			<texture>$VAR[OverlayVar]</texture>
			<aspectratio align="center" aligny="top">keep</aspectratio>
			<visible>[!String.IsEmpty(Skin.String(509.Movies.DisableOverlay)) + Container.Content(movies)] | [!String.IsEmpty(Skin.String(509.TV.DisableOverlay)) + Container.Content(tvshows)]</visible>
		</control>
	</include>
	<include name="FlixPosterReflection">
		<control type="image">
			<left>29</left>
			<top>465</top>
			<width>228</width>
			<height>402</height>
			<texture background="true" flipy="true" diffuse="thumbs/thumb_reflect.png">$VAR[PosterThumbVar]</texture>
		</control>
	</include>
	<include name="FlixLandscape">
		<control type="image">
			<left>-10</left>
			<top>197</top>
			<width>480</width>
			<height>270</height>
			<texture background="true" diffuse="thumbs/thumb_mask.png">$VAR[LandscapeItem0Var]</texture>
			<bordertexture border="20">thumbs/thumb_shadow_aa.png</bordertexture>
			<bordersize>20</bordersize>
		</control>
	</include>
	<include name="FlixLandscapeReflection">
		<control type="image">
			<left>10</left>
			<top>465</top>
			<width>440</width>
			<height>270</height>
			<texture background="true" flipy="true" diffuse="thumbs/thumb_diffuse.png">$VAR[LandscapeItem0Var]</texture>
		</control>
	</include>
	<include name="FlixEpisodeThumb">
		<control type="image">
			<top>197</top>
			<width>480</width>
			<height>270</height>
			<texture background="true" diffuse="thumbs/thumb_mask.png">$INFO[ListItem.Art(thumb)]</texture>
			<bordertexture border="20">thumbs/thumb_shadow_aa.png</bordertexture>
			<bordersize>20</bordersize>
		</control>
	</include>
	<include name="FlixEpisodeThumbReflection">
		<control type="image">
			<top>197</top>
			<width>480</width>
			<height>270</height>
			<texture background="true" flipy="true" diffuse="thumbs/thumb_diffuse.png">$INFO[ListItem.Art(thumb)]</texture>
			<bordertexture border="20">thumbs/thumb_shadow_aa.png</bordertexture>
			<bordersize>20</bordersize>
		</control>
	</include>
	<include name="FlixCaseVars">
		<left>-18</left>
		<top>60</top>
		<width>295</width>
		<height>410</height>
		<visible>Skin.HasSetting(Enable.MyFlix.Cases) + [Container.Content(movies) | Container.Content(sets) | Container.Content(tvshows) | Container.Content(seasons)]</visible>
	</include>
	<include name="FlixPosterCaseReflection">
		<control type="image">
			<left>-18</left>
			<top>442</top>
			<width>295</width>
			<height>410</height>
			<colordiffuse>d1FFFFFF</colordiffuse>
			<texture background="true" flipy="true" diffuse="thumbs/thumb_diffuse.png">$VAR[CaseTypePathVar]$VAR[GlobalCaseVar]</texture>
			<visible>Skin.HasSetting(Enable.MyFlix.Cases) + [Container.Content(movies) | Container.Content(sets) | Container.Content(tvshows) | Container.Content(seasons)]</visible>
		</control>
	</include>
</includes>