<?xml version="1.0" encoding="UTF-8"?>
<addon id="plugin.video.strefadb"
version="2018.10.21.0"
name="StrefaDB"
provider-name="-">
<requires>
  <import addon="xbmc.python" version="2.25.0"/>
  <import addon="script.module.ptw" />
  <import addon="script.module.resolveurl" />
  <import addon="script.module.requests"/>
</requires>
<extension point="xbmc.python.pluginsource" library="main.py">
  <provides>video</provides>
</extension>
<extension point="xbmc.addon.metadata">
  <summary lang="en">StrefaDB Plugin Wideo</summary>
  <description lang="en_GB">Plugin z odcinkami Dragon Ball. Aby obejrzeć treści wideo należy założyć konto na strefadb.pl</description>
  <disclaimer lang="en_GB">Wszelkie treści multimedialne są własnością strefadb.pl</disclaimer>
  <assets>
    <icon>icon.jpg</icon>
    <fanart>fanart.jpg</fanart>
  </assets>
  <news>db heroes</news>
</extension>
</addon>
